排名,游戏名称,公司名称,分类,评分,评分人数,安装次数+,更新日期,大小M,当前版本,包名,网站,联系方式
1,Popular Wars,Lion Studios,动作,4.1,"13,643","1,000,000",2018年12月11日,53,1.0.8,com.game5mobile.popular,http://lionstudios.cc,hello@lionstudios.cc
2,Drive and Park,SayGames,模拟,4.2,"4,354","1,000,000",2018年12月7日,36,1.0.3,com.parking.game,http://saygames.by,saygames.by@gmail.com
3,Flip Skater,Miniclip.com,体育,4.5,"25,367","1,000,000",2018年12月4日,94,1.28,com.miniclip.topskater,http://www.miniclip.com/,support@miniclip.com
4,Command & Conquer: Rivals PVP,ELECTRONIC ARTS,策略,3.9,"56,102","1,000,000",2018年11月29日,77,1.2.3,com.ea.gp.candcwarzones,http://www.ea.com/android,help@eamobile.com
5,Pocket Build,MoonBear LTD,模拟,4.3,"6,951","500,000",2018年12月9日,56,1.9.41,moonbear.PocketBuild,http://moonbear.co,contact@moonbear.com
6,Slime Road,tastypill,动作,4.3,"2,072","500,000",2018年12月10日,39,2.4,com.rubygames.splashyjump,http://www.tastypill.com,support@tastypill.com
7,Slope Run,Onepear,竞速,3.9,736,"100,000",2018年12月11日,34,1.0.6,com.abcgame.sloperun,,zhouyitian1990@gmail.com
8,Toca Life: World,Toca Boca,教育,4.4,"35,565","1,000,000",2018年11月30日,25,1.2.1,com.tocaboca.tocalifeworld,http://www.tocaboca.com,support@tocaboca.com
9,Star Trek? Fleet Command,Scopely,策略,4.3,"39,453","1,000,000",2018年11月28日,110,0.543.8403,com.scopely.startrek,http://www.scopely.com,startrek-support@scopely.io
10,Link It Rich! Hot Vegas Casino Slots FREE,Mofun Slots Game,赌场,4.7,"3,398","100,000",2018年12月8日,76,1.0.6,com.mofunslots.richescasino,,mofunslots@gmail.com
11,Wind Rider!,VOODOO,街机,3.3,"3,973","500,000",2018年12月6日,44,1.12.0,io.voodoo.windrider,http://voodoo.io,support@voodoo.io
12,刺客信条：燎原 C Assassin’s Creed Rebellion,Ubisoft Entertainment,角色扮演,4.6,"189,301","1,000,000",2018年12月3日,28,2.0.2,com.ubisoft.accovenant,https://www.ubisoft.com/en-gb/game/assassins-creed-rebellion/,android.support@ubisoft.com
13,UNO!?,Mattel163 Limited,卡牌,4.3,"54,003","1,000,000",2018年11月12日,97,1.2.6145,com.matteljv.uno,http://www.letsplayuno.com/,uno@mattel163.com
14,"Bible Coloring - Color By Number, Free Bible Game",iDailybread.org,休闲,4.9,"2,476","50,000",2018年12月10日,6.9,1.0.4,holy.bible.biblegame.bibleverse.color.by.number.colorbynumber.paint.pixel.art,,cs@idailybread.org
15,Axe Throw,Big avocado,休闲,4.5,"2,118","50,000",2018年12月7日,19,1.0.2,com.axe.ss.android,,austinyuan1011@gmail.com
16,Fast & Furious Takedown,Universal Studios Interactive Entertainment LLC,竞速,4.1,"3,437","500,000",2018年12月5日,49,1.1.51,com.nbcuni.usie.fftakedown,https://nbcuniversal.helpshift.com/a/fast-furious-takedown/,support@nbcuniversal.mail.helpshift.com
17,Christmas Hidden Object: Xmas Tree Magic,Beautiful Hidden Objects Games by Difference Games,休闲,4.7,"1,672","50,000",2018年11月27日,72,1.0.62,com.dg.differencegames.u.hiddenobject.xmastreemagic,http://differencegames.com,hiddenobject@differencegames.com
18,欢乐餐厅2,Top Girl Games,模拟,4.7,"6,688","100,000",2018年12月7日,49,1.0.5,com.zenjoy.cookingstreet,http://www.zentertain.net,zentertain.ltd@gmail.com
19,Resort Hotel: Bay Story,WhaleApp LTD,益智,4.7,"2,818","500,000",2018年12月3日,因设备而异,1.2.0,com.whaleapp.resorthotel,http://www.whaleapp.com,support.resorthotel@whaleapp.com
20,Crayola Create and Play,Crayola LLC,教育,3.3,180,"10,000",2018年11月21日,85,1.4,com.crayolallc.crayola_create_and_play,http://www.crayola.com/app,support@crayola.com
21,Angry Birds Dream Blast,Rovio Entertainment Corporation,益智,4.2,816,"100,000",2018年12月3日,68,1.3.1,com.rovio.dream,https://www.rovio.com,support@rovio.com
22,Criminal Minds: The Mobile Game,FTX Games LTD,益智,4.5,"18,081","100,000",2018年12月4日,58,1.49,com.ftxgames.cmdd,http://www.ftxgames.com,criminalminds@ftxgames.com
23,Flippy Race,Ketchapp,街机,4.1,381,"100,000",2018年11月27日,44,1.0,com.ketchapp.flippyrace,http://www.ketchappgames.com,support@ketchappgames.com
24,Tsuki 月兔冒险,HyperBeard,冒险,4.7,"11,244","100,000",2018年12月7日,83,1.1.11,com.hyperbeard.tsuki,https://tsukiadventure.com/,tsuki@hyperbeard.com
25,雪球大作战,"Geisha Tokyo, Inc.",动作,4.8,411,"10,000",2018年12月12日,42,1.2.4,com.geishatokyo.snowballio,http://www.geishatokyo.com/,hc+snowballio@geishatokyo.com
26,Spider Go: Solitaire Card Game,MobilityWare,卡牌,4.5,226,"10,000",2018年12月3日,64,1.0.0.258,com.mobilityware.SpiderGo,http://www.mobilityware.com,Support@mobilityware.com
27,Underworld : The Shelter,Dreamplay Games,动作,4.3,"3,976","100,000",2018年12月7日,65,1.4.9,com.dreamplay.underworld.google,https://www.facebook.com/DreamplayIndieZone/,help@dreamplaygames.co.kr
28,SEGA Heroes,SEGA,角色扮演,4.5,"15,169","100,000",2018年12月4日,99,47.150048,com.sega.puzzlerpg,http://www.sega.com,googleplay@segaofamerica.zendesk.com
29,GrandChase,"KOG Co., Ltd",角色扮演,4.7,"61,723","1,000,000",2018年12月11日,60,1.10.24,com.kog.grandchaseglobal,https://www.grandchase.net/,grandchase_official@kog.oqupie.com
30,命\之子,LINE Games,角色扮演,4.7,"18,813","100,000",2018年12月6日,50,1.0.2,com.linegames.dcglobal,https://line.games/,game_service@linegames.kr
31,「烹饪吧！」模拟经营美食餐厅游戏,Flowmotion Entertainment - Cooking and Girl Games,休闲,4.7,"5,119","100,000",2018年12月5日,85,1.0.7,com.fme.cookit,https://www.facebook.com/Flowmotionentertainment,support@flowmotionentertainment.com
32,Galaxy sky shooting,Ivy,街机,4.5,317,"100,000",2018年12月11日,37,1.2.3,com.ivy.galaxyshooting.sky,,help@ivymobile.com
33,Bubble Pop! Shoot Bubbles,BitMango,益智,4.5,"1,363","100,000",2018年12月12日,24,1.1.2,com.bitmango.go.bubblepop,https://www.facebook.com/bitmangogames,help@bitmango.com
34,Fun Match? - match 3 games,Big Cake Group Limited,休闲,4.7,183,"10,000",2018年12月6日,69,18.0.0,com.bigcake.android.funmatch,http://www.bigcakegame.com/,android.joypiece@gmail.com
35,超{模M器,Words Mobile,竞速,4.3,"1,639","100,000",2018年11月29日,25,1.1,com.cargame.fanaticalcar,http://www.words-mobile.com,contact@words-mobile.com
36,Novoland:The Castle In The Sky,ZLOONG,角色扮演,4.3,"2,374","100,000",2018年11月27日,51,1.2.2,com.zloong.eu.jztkc,https://tos.zloong.com/,cs@zulong.com
37,冰激凌挑战――糖果和棒棒糖三消游戏,BELKA GAMES,益智,4.5,"1,314","100,000",2018年11月29日,70,0.5,com.belkatechnologies.icecreamchallenge,,icc-support@belkatechnologies.com
38,Basket Wall - Bounce Ball & Dunk Hoop,Crazy Labs by TabTale,街机,3.8,17,"5,000",2018年12月10日,52,1.0.3,com.crazylabs.basket.ball.wall,https://www.tabtale.com,WeCare@tabtale.com
39,Modern Critical Strike,Timuz Games,动作,4.4,259,"50,000",2018年12月6日,58,1.0,com.timuzgames.moderncriticalstrike,http://www.timuz.com,info@timuz.com
40,《陆战英雄》(Heroes of Warland) - PvP 射击竞技场,Nitro Games Oyj,动作,3.9,"2,742","100,000",2018年12月4日,38,1.0.2,com.nitrogames.howl,http://www.nitrogames.com,warland-support@nitrogames.com
41,无,无,无,无,无,无,无,无,无,com.vnlentertainment.coc,无,无
42,The Walking Dead: Free Casino Slots,FTX Games LTD,赌场,4.7,325,"10,000",2018年12月10日,54,152,com.ftxgames.twdslots,http://www.ftxgames.com,mgmt@ftxgames.com
43,Troll Face Quest: Stupidella and Failman,Spil Games,益智,4.5,"1,217","100,000",2018年11月21日,57,0.9.2,air.com.spilgames.TrollFaceQuestStupidellaAndFailman,http://spilgames.com,appsupport@spilgames.com
44,Hoop Smash,Kwalee Ltd,街机,4.6,"1,797","100,000",2018年11月28日,38,1.1.1,com.kwalee.hoopsmash,http://www.kwalee.com,info@kwalee.com
45,Jewels Forest : Match 3 Puzzle,PivotGames. Inc.,益智,4.8,788,"10,000",2018年12月11日,30,37,com.pivotgames.jewelmatch3.gp,http://www.pivotgames.net,pivotgameshelp@gmail.com
46,Santa Bingo - Xmas Magic,Beautiful Bingo Games by Difference Games LLC,桌面和棋类,4.8,388,"10,000",2018年12月1日,74,1.0.2,com.dg.turbonuke.bingo.quest.santa.xmas.magic,http://www.differencegames.com,bingo@differencegames.com
47,Sweety House,Dream Art Studio,休闲,4.4,68,"5,000",2018年12月12日,85,0.0.7,com.apollo.realhouse,,dreamart.gamestudion@outlook.com
48,Line Puzzle: Color String Art,BitMango,益智,4.3,744,"100,000",2018年12月12日,23,1.0.9,com.bitmango.go.linepuzzlecolorstringart,http://www.bitmango.com/,help@bitmango.com
49,Super Slime Ben,Cartoon Network,街机,4.5,154,"50,000",2018年12月5日,76,1.1,com.turner.benslime,http://www.cartoonnetwork.com,advanced.platforms@turner.com
50,Fun Ball Adventure,Apre soft,冒险,3.1,55,"10,000",2018年11月26日,21,1.1,com.bouncyball.adventuregame.jumping,,michaelpan1547@gmail.com
51,Jetpack VS. Colors,Crazy Labs by TabTale,街机,3.8,56,"10,000",2018年12月11日,39,1.1.2,com.crazylabs.jetpack.vs.colors,https://www.tabtale.com,WeCare@TabTale.com
52,Cosmic Showdown,DoubleJump,策略,4.3,735,"500,000",2018年12月11日,73,1.8.6,com.doublejump.heliumproject,http://doublejump.com,support@doublejump.com
53,欧陆战争6: 1804,EasyTech,策略,4.1,"4,644","100,000",2018年9月5日,97,1.2.0,com.easytech.android.ew6,http://www.ieasytech.com/,easytechmail@gmail.com
54,统穑o限,JoyMeng GAME,动作,4.7,578,"10,000",2018年12月8日,95,1.8,com.hopelessfire.shootinggames,,zombiegunbattleinc@gmail.com
55,Transformers: 极速大黄蜂,Budge Studios,竞速,4.4,258,"10,000",2018年12月7日,18,1.4,com.budgestudios.googleplay.TransformersBumblebeeOverdrive,http://www.budgestudios.com,support@budgestudios.ca
56,宝宝日常安全,BabyBus Kids Games,教育,4.6,515,"100,000",2018年11月22日,73,8.29.00.00,com.sinyee.babybus.dailysafety,http://www.babybus.com,ser@babybus.com
57,Hannah’s Fashion World - Dress Up Salon for Girls,TutoTOONS,角色扮演,4.5,107,"10,000",2018年12月7日,48,1.0.15,com.tutotoons.app.hannahsfashionworld.free,https://www.tutotoons.com,support@tutotoons.com
58,Zgirls 3: Furies,Star Ring Game Limited,策略,4.2,"2,123","100,000",2018年12月11日,97,1.300.200,com.starring.zgirls4.gp,,xingjoystech@gmail.com
59,房地a：bdC卡交模M器,Brilliant Gamez,模拟,4.2,180,"50,000",2018年11月29日,73,1.0,com.brilliantgamez.classic.cars.transport.truckdriver,http://www.brilliantgamez.com,brilliantgamez@gmail.com
60,Solitaire Ocean,Hit Mahjong Solitaire,卡牌,4.6,386,"10,000",2018年12月6日,29,1.2.144,solitaire.card.games.free.solitaire.big.fish.fishdom.ocean,,colormix2018@outlook.com
61,Chigiri: Paper Puzzle,WEEGOON,益智,4.4,"34,778","500,000",2018年12月8日,59,1.1.9,com.weegoon.chigirie,,weegoonstudio@gmail.com
62,Laser Break 2018,Omeg Studio,益智,3.3,44,"10,000",2018年12月3日,45,1.0.5,omega.mxl.zao,,omegaxstudio@hotmail.com
63,Holy Hunter - Terminate All Devils,Flog Game,角色扮演,4.7,879,"10,000",2018年12月4日,3.8,1.1,com.eskyfun.anheijiyuan.an,https://www.facebook.com/holyhunter.eskyfun/,ouye2018@gmail.com
64,宠物世界 ―― 我的宠物医院 ――照料动物,Tivola,模拟,4.4,"1,161","100,000",2018年11月27日,18,1.0.2731,com.tivola.animalhospital.free,http://www.tivola.com,apps@tivola.de
65,Kitchen master : fastfood restaurant,LosSantos Studio,模拟,4.8,148,"1,000",2018年12月12日,67,1.0.5,com.lossantos.kitchen,,dinhqdai@icloud.com
66,奇妙森林历险记,BabyBus Kids Games,教育,4.8,134,"100,000",2018年12月6日,64,8.29.00.00,com.sinyee.babybus.expedition,http://www.babybus.com,ser@babybus.com
67,Looney Toons Dash,zak ibra,冒险,3.2,701,"50,000",2018年11月28日,28,1.0,com.looneysoudash.toonszak,,zakgamestudio@gmail.com
68,Xmas Match 3: Christmas Candy Land,Beautiful Match 3 Quest Games by Difference Games,益智,4.7,93,"1,000",2018年12月11日,57,1.0.2,com.dg.puzzlebrothers.match3.quest.candy.land.christmas,http://www.differencegames.com,match@differencegames.com
69,iPoly Art：天天乐拼图，有趣的数字涂色游戏,Shanghai Chuanmo Information Technology Limited,休闲,4.6,620,"100,000",2018年11月30日,15,1.1.0,com.chuanmo.poly,,polysupport@chuanmo.co
70,Hot Jackpot Casino：Free Slots,pocket games,赌场,4.8,581,"10,000",2018年11月20日,74,1.1.0,com.ipocket.hotslots,,taobaggio81@gmail.com
71,Rescue Animals: Tricky Puzzle & Think Outside,Top Puzzle Player,益智,4.4,103,"5,000",2018年12月11日,29,1.0.2,com.tricky.puzzle.rescue.animals.android,,dale7kol@gmail.com
72,阿斯嘉娱乐城,"Pacify service co.,ltd.",赌场,3.9,179,"10,000",2018年12月7日,29,1.013,com.AsgardCasino,https://www.asgard-casino.com,asgardcg10@gmail.com
73,Saiyan Prince: The Way of legend,Champamelon,街机,4.7,"3,114","100,000",2018年11月21日,39,1.0,com.champamelon.saiyanwayoflegend,,ziruchi2018@gmail.com
74,Racing Xtreme 2: Top Monster Truck & Offroad Fun,T-Bull,竞速,4.7,"34,239","1,000,000",2018年11月23日,因设备而异,因设备而异,com.tbegames.and.best_monster_racing,http://t-bull.com,thunderbullgames@gmail.com
75,Helix Shooter,Meloni Games,街机,3.5,167,"10,000",2018年12月6日,29,1.1,com.helix.shooter,,ugur92bey@gmail.com
76,Xmas Word Search: Christmas Cookies,Difference Games LLC,文字,4.7,202,"10,000",2018年12月3日,70,1.0.62,com.dg.differencegames.u.wordsearch.christmasquest,http://www.differencegames.com,adam@differencegames.com
77,Clay Hunt START,Shotgun Gaming Oy,体育,4.4,39,"10,000",2018年11月21日,81,1.0,com.shotgungaming.clayhuntstart,http://www.clayhuntpro.com,aleksi@shotgungaming.com
78,鸹鹗澜,WoF Games,策略,4.4,558,"10,000",2018年12月5日,96,1.1.4,com.camelgames.wof,,wof.games.inc@gmail.com
79,Find WordsCMoving Crossword Puzzle,ASTER Play,文字,4.8,532,"5,000",2018年12月11日,34,1.2.02,com.moving.crossword.puzzle.games,,wordgo.team@gmail.com
80,Bike Racing 2019,Timuz Games,竞速,4.3,151,"50,000",2018年12月7日,54,1.1,com.timuzgames.bikeracing2019,http://www.timuz.com,info@timuz.com
81,Plane Evolution,Casual Clean Studio,模拟,4.3,63,"10,000",2018年12月1日,19,7,mobi.army.game.mergeplane,,congacutequadimat@gmail.com
82,Food POP : New puzzle gravity world(food burst 2),ENP Games,益智,4.7,"1,469","50,000",2018年12月6日,36,1.0.14,com.enp.food2.google,http://www.enpgames.co.kr/,Global_apps@enpgames.co.kr
83,My Baby Unicorn - Virtual Pony Pet Care & Dress Up,TutoTOONS,教育,4.4,590,"100,000",2018年12月11日,53,4.0.9,com.tutotoons.app.mybabyunicorn.free,https://www.tutotoons.com,support@tutotoons.com
84,宝宝手工零食,BabyBus Kids Games,教育,4.6,405,"100,000",2018年11月29日,68,8.29.00.00,com.sinyee.babybus.snacks,http://www.babybus.com,ser@babybus.com
85,Crossing Cliff,Little Game,动作,3.9,17,"5,000",2018年11月29日,12,1.0.8,com.little.game.crossing.cliff,,edwardsoliverchristopher@gmail.com
86,Word Cute Games - Free Words Puzzle Games,"Saga Fun,Slots,Casino,Slot Machines,Bingo,Poker!",益智,4.5,114,"5,000",2018年12月3日,33,1.2,com.sagafun.wordgames,,support@sagafun.com
87,Color Ball,GreenPomeloGame,竞速,4.5,35,"5,000",2018年11月29日,32,1.0.0,com.colorgame.colorball,,GreenPomeloGame@gmail.com
88,功夫激战,Hs Soft,动作,4.3,177,"50,000",2018年12月11日,45,1.0.5.186,com.hssoft.KungFuAttack,,hssoft@gmail.com
89,Temple Castle Run,Little Game,策略,4.1,15,"1,000",2018年11月26日,38,1.0.1,com.little.game.temple.castle.run,,edwardsoliverchristopher@gmail.com
90,Drifty Car,Alex Dr,街机,3.2,21,"5,000",2018年12月7日,42,1.1.2,com.ty.driftycar,,alex@loudmind.co
91,Overlords of Oblivion,Neocraft Limited,角色扮演,4.4,"7,936","100,000",2018年11月30日,22,1.0.19,com.emagroups.ic,,developer@neocraftstudio.com
92,城市救援先h (City Ambulance),Enjoysports,模拟,4.3,174,"10,000",2018年12月11日,59,1.1.3911,com.racing.ambulancesimulation.rescuerush,,enjoysportsgame@hotmail.com
93,Star Dream,Carbonhydrate Games,益智,4.4,48,"10,000",2018年12月6日,53,1.4,com.game.stardream,,mzhe4531@gmail.com
94,Hilda Creatures,BIGUMAKU Ltd,模拟,4.7,464,"5,000",2018年12月6日,97,1.0.3,com.bigumaku.hildacreatures,http://www.bigumaku.com,apps@bigumaku.com
95,Winter Ski Park: Snow Driver,Play With Games,竞速,4.5,404,"100,000",2018年11月26日,因设备而异,1.0.1,com.playwithgames.snow.driver.car.winter,http://www.playwithgames.com,info@playwithgames.com
96,Elf On The Shelf Live Tracker Radar,Kitcheo,模拟,2.2,45,"5,000",2018年11月15日,7.1,1.0,nov.kitcheo.liveelvestrackerradar,,Kitcheo.Studio@aol.com
97,Limousine Car Driving Real Parking,play.io,模拟,4.0,87,"50,000",2018年12月11日,48,1.0.1,com.play.io.limousine.car.driving.parking.games,http://playinteractive.io,play.interactive.io@gmail.com
98,足球前锋王,mobirix,体育,4.2,181,"10,000",2018年12月11日,19,1.0.3,com.mobirix.soccerstars,https://www.facebook.com/mobirixplayen,help@mobirix.com
99,娃娃打扮LOL,Best Dress Up Games For Girls,休闲,4.3,227,"10,000",2018年11月20日,56,1.0,com.bestdressupgames.dolls,,topdressupgames@gmail.com
100,Idle Airport Tycoon - 管理机场游戏,Codigames,模拟,4.5,"1,160","50,000",2018年11月21日,39,1.06,com.codigames.idle.airport.tycoon,http://codigames.com,support+iat@codigames.com
101,神龙部落大消除 - 神龙成长开心消消乐消除游戏,Super Awesome Inc.,益智,4.5,602,"10,000",2018年12月7日,55,1.0.9,com.SuperAwesome.DragonVillageBlast,http://superawesome.co.kr,contact@superawesome.co.kr
102,真实竞速赛车-极限狂野飞车,YUNCHENWANGLUO,竞速,4.6,"2,500","100,000",2018年12月7日,82,1.0.7,com.realroadracing.speedchasinggame,,YUNCHENWANGLUO@gmail.com
103,"Hunter's Trail",Miki Elting,冒险,3.8,12,"1,000",2018年12月5日,80,1.0.1,com.trail.us.one,,eridzura@gmail.com
104,Xmas Bubble Shooter: Christmas Pop,Bubble Quest & Free Bubble Pop by Difference Games,益智,4.7,90,"5,000",2018年12月5日,55,1.0.3,com.dg.puzzlebrothers.bubble.quest.shooter.pop.christmas,http://www.differencegames.com,bubblequest@differencegames.com
105,Elf Bowling,Alpha Zeta,休闲,2.7,41,"1,000",2018年12月2日,7.2,2.0,uw.elfbowl,,alphazetaapplications@gmail.com
106,Texas Holdem Poker Offline:Free Texas Poker Games,"Saga Fun,Slots,Casino,Slot Machines,Bingo,Poker!",赌场,4.3,18,"1,000",2018年12月10日,36,1.5,com.sagafun.poker,,support@sagafun.com
107,Rev Heads Rally,Spunge Games Pty Ltd,竞速,4.3,407,"50,000",2018年11月30日,92,3.1,com.spungegames.spungeracers,http://www.spungegames.com,mark@spungegames.com
108,SIEGE: World War II,Simutronics Corp,策略,4.3,"3,553","100,000",2018年11月19日,95,1.8.25,com.simutronics.b17,http://siegeworldwarii.com,siegeww2-support@simutronics.com
109,Ballz n Glass Blast,Carbonhydrate Games,街机,4.0,69,"10,000",2018年12月10日,36,1.2,com.linglong.glassbouncing,,mzhe4531@gmail.com
110,Supercar Racing 2018,GT Action Games,竞速,4.3,224,"100,000",2018年11月16日,因设备而异,因设备而异,com.gtactiongames.supercarracing2018,http://www.gtactiongames.com,gtactiongames@gmail.com
111,Real Gangster Crime Simulator 3D,Oppana Games,模拟,4.3,268,"50,000",2018年11月29日,84,0.3,com.OppanaGames.real.gangster.crime.simulator,,oppanagames@gmail.com
112,凯尔斯医生 - 家庭医疗,GameHouse,休闲,4.4,"1,172","50,000",2018年11月30日,47,1.8,com.gamehouse.dc3,https://www.gamehouseoriginalstories.com/contact-us,ghos@gamehouse.com
113,Is-it Love? Sebastian - Adventure & Romance,1492 Studio,休闲,4.6,"6,003","100,000",2018年12月4日,82,1.2.182,net.isitlove.mysteryspell.sebastian,http://1492.io,studio@1492.io
114,Neighbor House Escape Game,Crafting Inc.,模拟,3.7,75,"10,000",2018年11月19日,14,0.1,com.helloneighbor.map.minecraftmods.mcpe,,brandsmorris@outlook.fr
115,战士传奇,Real Road Racing,休闲,4.5,"1,587","100,000",2018年11月22日,44,1.1.1,com.warriorlegend.shadowfightinggame,,natalmyachnone@mail.ru
116,Hidden Object - White Christmas,Beautiful Hidden Objects Games by Difference Games,休闲,4.7,113,"1,000",2018年11月16日,31,1.0.0,air.com.dg.differencegames.hiddenobject.whitechristmas,http://differencegames.com,hiddenobject@differencegames.com
117,Fancy Spades: Best Strategy Card Games,"FancyCorn Co.,Ltd",卡牌,4.2,64,"5,000",2018年12月7日,52,1.2.5,com.fancycornstudio.spades,http://www.fancycornstudio.com,contact@fancycornstudio.com
118,Ninja Samurai Revenge,Survival Games Production,动作,4.5,166,"50,000",2018年12月5日,45,1.3,com.survival.games.production.ninja.samurai.revenge,,survivalgamesproduction1@gmail.com
119,Huuuge Diamonds Slot Machine,Huuuge Global,赌场,4.3,62,"5,000",2018年11月29日,51,1.0.12,game.huuuge.diamonds.slot.machines,http://www.huuugegames.com/,huuuge.global.limited@gmail.com
120,英雄纪元：僵尸世界大战,Wolf Game Studio,策略,4.6,425,"5,000",2018年12月10日,87,1.0.2,com.wolf.coz2c1,,loudgamestudios@gmail.com
121,Just 24,Sweet Sweet Candy,益智,2.5,39,"10,000",2018年11月13日,13,1.0,com.chase_dolphin.just24,,sweetsweetcandy789@gmail.com
122,Vegas Night Slots - Free Casino Slot Machine Games,Arekool Inc,赌场,4.6,320,"5,000",2018年12月5日,64,1.05,com.casino.slots.free.vegasnightslots,http://www.mangolee.com,slot@mangolee.com
123,Super Adam Adventure 2 - More Levels,Super 64 Games,动作,4.4,51,"10,000",2018年12月7日,14,1.1.16,com.game64.superadventure2,,tiptop.hao@gmail.com
124,Hidden - Bonfire Stories: Faceless Gravedigger,Big Fish Games,休闲,4.2,223,"5,000",2018年12月5日,42,1.0,com.bigfishgames.bonfiregravediggergoog,http://www.bigfishgames.com,info@bigfishgames.com
125,Deck Your Halls,Freeform,休闲,3.8,13,"1,000",2018年12月7日,65,1.0.1,com.freeform.deckyourhalls,http://freeform.com/,freeformd@gmail.com
126,化y美容院,Kid58 GameStudio,休闲,4.1,232,"100,000",2018年11月20日,97,8.29.00.01,com.kid58.lianyong.salon,,cn@kid58.com
127,Bubble Shooter - Classic Pop,Casual Candy Match,休闲,4.7,102,"10,000",2018年12月11日,31,1.0.4,com.Bubble.Shooter.Classic.Pop,,bubblego2016@gmail.com
128,屹立不倒！,Noodlecake Studios Inc,街机,4.2,195,"10,000",2018年12月7日,63,1.0.3,com.noodlecake.smoof.trip,http://www.noodlecake.com,support+trippy@noodlecake.com
129,机场世界：飞行模拟器和机场大楼,Survival Crafting & Exploration Adventure Games,冒险,4.6,134,"10,000",2018年11月30日,67,1.0,com.survivalcrafting.airport.city.pilot.plane.craft.fly.simulator.flight.air.traffic.control.airline.commander.building.flying,,freesandboxexploration@gmail.com
130,3D Snake.io 2019,Timuz Games,动作,4.1,98,"10,000",2018年12月12日,25,1.4,com.timuzgames.snake.io2019,http://www.timuz.com,info@timuz.com
131,"Stack Blocks - Music Games, Color Block Switch",AMANOTES,音乐,4.4,48,"10,000",2018年12月7日,因设备而异,1.1.4,com.nama.stack,http://amanotes.com,publishing@amanotes.com
132,bumper cars.io:Blocky Arena,ByteGame,动作,4.6,9,"5,000",2018年12月12日,29,1.9.2.1,com.pixelbumpergame.bumpercarsio,,xinjialiu888@gmail.com
133,Ultimate Bus Driving- Free 3D Realistic Simulator,Games2win.com,竞速,4.6,51,"10,000",2018年12月6日,因设备而异,1.0,com.games2win.ultimatebusdriver,http://www.games2win.com,android@games2win.com
134,New Romance of the Three Kingdoms,BBGame HK,策略,3.6,"1,449","50,000",2018年11月26日,29,1.1.0,com.bbgame.sgksnapk.wld,https://sangokushi.bbgame.global/,csen@bb.game
135,Highway Traffic Car Racing Game 2019,Core Sol Hub,街机,4.5,8,"1,000",2018年11月28日,42,0.1,com.coresolhub.highwaytrafficcarracinggame2019,,support@coresolhub.com
136,Racing Ferocity 3D: Endless,GAMEXIS,竞速,4.8,167,"100,000",2018年12月7日,57,2.7.11,com.gamexis.racing.ferocity.apps,,gamexisaso@gmail.com
137,Free NBA Live TV,Sports X Live TV,体育,3.5,2,"1,000",2018年12月7日,2.8,1.28,com.nba.bafretu.hd.live,,kammal.jaafri@gmail.com
138,Stickman Archer: Bow and Row,Addictive Arcade Free Team,街机,3.9,80,"10,000",2018年11月30日,30,1.1,com.adventure.stickman.heroarche,,addictivearcade.aateam@gmail.com
139,Ball Pack,Ketchapp,街机,3.9,462,"100,000",2018年11月23日,31,1.0.2,com.ketchapp.ballpack,http://www.ketchappgames.com,support@ketchappgames.com
140,Happy Paint,Happy Pixel Team,知识问答,4.8,21,"1,000",2018年12月6日,46,1.0.0.1,color.by.number.paint.free.pixel,,bunana8citra@outlook.com
141,Top Bubble Pop,Fun Match 3 Games,桌面和棋类,4.5,162,"10,000",2018年12月6日,因设备而异,1.1.3,pop.bubble.top,http://www.ilyon.net,support@ilyon.net
142,UFO.io：多人游戏,Homa Games,休闲,3.6,114,"50,000",2018年11月28日,34,2.5.3,com.cubegame.festio,http://www.homagames.com,contact@homagames.com
143,Crown Four Kingdoms(星界 - 王冠),"X-Legend Entertainment Co., Ltd.",角色扮演,4.1,"5,355","100,000",2018年11月13日,60,8.5.8,com.xlegend.crownfourkingdoms,https://www.x-legend.com/crownfourkingdoms/,info@x-legend.com.tw
144,Word Album - A crossword puzzle,WeFun Games,文字,4.7,33,"1,000",2018年12月11日,34,1.0.6,puzzle.wordgame.boardcrossy,,alanvelezvip@gmail.com
145,Chrome Shooter,Cookie Crush Games,休闲,4.5,276,"10,000",2018年12月6日,因设备而异,1.1.4,shooter.chrome,http://www.ilyon.net,support@ilyon.net
146,Tiny Gladiators 2 - 格斗锦标赛,BoomBit Games,动作,4.8,"8,041","100,000",2018年12月9日,因设备而异,1.1.3,com.boombitgames.Tiny2,http://www.boombitgames.com/,support@boombit.com
147,Endless Odyssey,yuan. hao99,角色扮演,3.8,40,"5,000",2018年12月5日,87,2.0.13,com.app.eo,,odyssey2018contact@gmail.com
148,Minna Home Sweet假装游乐场,Pigstamp Studio,教育,4.5,600,"50,000",2018年11月14日,41,1.1.1,com.pigstamp.minnahome,,pigstamp.studio@gmail.com
149,Player Nes Games 96 in 1,EmulatorGames,模拟,4.2,232,"10,000",2018年11月20日,4.7,2,com.EmulatorGames.PlayerNesGames,,qwertymix291@gmail.com
150,精灵旅社探险 - 跑酷，跳跃和建造！,Crazy Labs by TabTale,冒险,4.6,"4,967","100,000",2018年12月6日,38,1.0.6,com.crazylabs.hotel.transylvania.adventure,https://www.tabtale.com,WeCare@tabtale.com
151,密室逃脱：挑战100个房间八,HKAppBond,冒险,4.6,"4,737","50,000",2018年11月27日,99,2,com.appbond.the100roomviii,,hongkongappbond@gmail.com
152,圣灵勇士：六骑士-策略动作JRPG,Clegames Inc.,角色扮演,4.5,"2,436","10,000",2018年11月26日,87,1.0.903,com.cle.dy.soulseeker6,https://www.facebook.com/ss6knights/,support@clegames.freshdesk.com
153,Bear.io,DO GLOBAL GAMES,街机,5.0,3,"1,000",2018年12月10日,32,1.4,com.global.beario,,doglobal523@gmail.com
154,Road Revenge - Bike Games,GAME TSUNAMI,竞速,3.7,3,"1,000",2018年11月28日,95,因设备而异,com.road.redemption.rash,http://www.bigbitegames.com,bigbitegamesindia@gmail.com
155,Hidden Object - Holly Jolly Xmas,Beautiful Hidden Objects Games by Difference Games,益智,4.9,7,"1,000",2018年11月30日,33,1.0.0,air.com.dg.differencegames.hiddenobject.hollyjollyxmas,http://differencegames.com,hiddenobject@differencegames.com
156,Hey Flower,Swordfish00,休闲,3.2,834,"100,000",2018年12月8日,25,1.0.10,com.swfh.louis,,swordfishgp00@gmail.com
157,Knights of Nations,MeoGames,角色扮演,3.9,223,"10,000",2018年11月29日,42,1.0.1.26,com.xygame.Knightsofnation,http://kon.meogames.com,zjry.master@gmail.com
158,F1 Mobile Racing,Codemasters Software Company Ltd,竞速,4.0,"1,828","50,000",2018年12月6日,37,1.4.4,com.codemasters.F1Mobile,http://www.codemasters.com,custservice@codemasters.com
159,PolyArt着色书 - 按数字着色 - 低多边形艺术画,AppJoy - All Apps Free,桌面和棋类,4.6,227,"10,000",2018年12月11日,6.4,2.2,com.poly.polyart.color.by.number,,ColorPixelBook@gmail.com
160,Free Car Parking Game 3d,Classic Free Games 3D,模拟,4.5,28,"5,000",2018年12月5日,29,1.00.0000,com.classic.free.car.parking.game,,classicfreegames3d@gmail.com
161,Pj Subway Dash Masks Adventure 3D,eONplaygames,冒险,3.6,23,"10,000",2018年11月20日,52,1.0,com.eonplaygames.pjsubwaydashmasks,http://eonplaygamesstudio.blogspot.com/,andirdhoazmi1@gmail.com
162,Dot to dot - Connect the dots ABC Games for Kids,Greysprings,教育,5.0,43,"5,000",2018年12月12日,19,1.0.0.5,com.greysprings.connect.dot.to.dot.ABC.games.kids,http://www.greysprings.com/,appninja.greysprings@gmail.com
163,Santa Naughty or Nice ScanOMatic Scanner,Spilling Coffee Media LLC,休闲,3.7,15,"5,000",2018年11月13日,16,4,com.spillingcoffeemedia.ssomaticfree,http://santascanomatic.com/,tom@spillingcoffeemedia.com
164,街头扣篮,SammyCaroline Studio,动作,4.5,"1,393","100,000",2018年11月19日,39,1.1.2,com.streetdunk.basketballslam.sportsgame,,sammycaroline5200@gmail.com
165,Micro Craft 2: Building and Crafting,New Building and Crafting Games,冒险,4.5,268,"10,000",2018年12月1日,17,1.4,com.MicroCraft2.Building.Crafting.Explore,,dv136309@gmail.com
166,Solitaire Fairytale,"MAD Studios, s.r.o.",卡牌,4.7,199,"10,000",2018年12月8日,78,2018.76,com.MadStudios.SolitaireFairytaleDev,http://www.solitairefairytale.com,solitaire.fairytale@gmail.com
167,Word Guru - My Bakery Dream,Badfish Games Studio,文字,4.6,375,"5,000",2018年11月21日,34,1.2,com.badfishgame.wordguru,,youngloveeric888@gmail.com
168,Arcadox,Addictive Puzzle Games,街机,4.0,4,"1,000",2018年12月11日,27,2.0.1,com.addictivepuzzlegames.arcadox,,addictive.puzzle.games@gmail.com
169,Tank Blast - Best Time Killer,Legendary Blast,休闲,4.0,21,"1,000",2018年12月5日,25,1.0.10,com.hoffeynixfun.stoneblast,https://tankblast888622417.wordpress.com,raineraine3359@gmail.com
170,NOVICE HEROES,Ventumm Inc.,角色扮演,3.9,255,"50,000",2018年12月6日,48,1.5,com.vnt.noviceheroes,,support@ventumm.com
171,?????,Eyougame Inc.,角色扮演,4.3,"6,832","100,000",2018年11月20日,75,3.0,com.eyougame.darkll,https://cafe.naver.com/darklegends,legend-help@eyougame.co.kr
172,Happy extra Wheels,Merry Xmas,模拟,3.8,61,"5,000",2018年12月1日,34,1.1,com.MX.CNC,,merryxmas.studio.dev@gmail.com
173,Free NES Emulator,Crafting Inc.,模拟,3.0,165,"10,000",2018年11月19日,14,0.1,com.play.emulator.nes.snes.gba.gbc,,brandsmorris@outlook.fr
174,Classic Solitaire World,WePlay Pool Games,卡牌,4.9,8,"1,000",2018年12月10日,27,1.0.0,com.cardgames.classic.solitaire.world,,support@classicsolitaireworld.freshdesk.com
175,Ultimate Bubble Shooter,Bubble Shooter Games by Ilyon,动作,4.5,275,"10,000",2018年11月29日,因设备而异,1.1.4,ultimate.bubble.shooterr,http://www.ilyon.net,support@ilyon.net
176,rojo fuego (emulator),Rojo fuego titanio,冒险,4.2,480,"10,000",2018年11月24日,15,4.0,com.MonkeyBalance.BallUltimatess_titaniumpokerojo,,Thomas.rojofuego@gmail.com
177,Amazing Frog Game 3D - Frog Jump,AMEGO DEV,街机,3.2,20,"1,000",2018年11月27日,31,1.0.2,com.amazing.frog.game.frog.jump,,Aloisiomarcelo33@gmail.com
178,Street Fighter Challenge,CoolApps Software,动作,3.5,85,"10,000",2018年12月9日,37,1.11.1,com.droidsoftware.streetfighter,,droidsoftwareinc@gmail.com
179,Frog Sandbox Is Amazing,Heaven Malls,模拟,3.9,70,"10,000",2018年12月10日,35,1.0,com.imiig.frogsandboxamazing,,KevinMrdja48758@gmail.com
180,Hidden Object: Santa’s Christmas Magic,Beautiful Hidden Objects Games by Difference Games,休闲,4.7,25,"1,000",2018年12月4日,90,1.0.1,com.ralpgames.wintermagicwithsanta,http://differencegames.com,hiddenobject@differencegames.com
181,Leo and Tig: Forest Adventures,Interactive Moolt,冒险,4.2,"2,661","100,000",2018年11月28日,88,1.181127,com.imult.leotig2,https://i-mult.tlum.ru,support@i-mult.ru
182,Invictus Heroes: 2018 NEW RPG,Plarium Global Ltd,角色扮演,4.2,389,"10,000",2018年12月12日,因设备而异,0.276,com.plarium.invictusgame,http://www.plarium.com,invictus@plarium.com
183,特种作战行动,WUBINGStudio,冒险,4.7,"1,284","100,000",2018年11月21日,92,1.1.1,com.specialcombatops.moderncounterattack.shootinggame,,WUBINGStudio963@gmail.com
184,Kids Puzzles - Christmas Jigsaw game ??,Skycap,益智,4.6,11,"5,000",2018年12月6日,17,1.1,in.co.skycap.kids_jigsaw_puzzle,http://www.skycap.co.in,contact@skycap.co.in
185,Santa clause & super Sonic christmas,action game LLC,竞速,3.5,101,"10,000",2018年11月13日,14,1.2,com.sonicboom.rizgame,,rizqimoha@gmail.com
186,Universe Bubble,Fun Match 3 Games,动作,4.5,527,"50,000",2018年11月15日,因设备而异,1.1.4,bubble.universe,http://www.ilyon.net,support@ilyon.net
187,Swipe Magic: One Touch Drawing,Zepra Studios,益智,4.2,18,"1,000",2018年12月8日,24,1.2.4,com.zepra.smagic,http://www.zepra.com,zepragame@gmail.com
188,O道之M,Game Hexagon,角色扮演,4.0,153,"10,000",2018年10月26日,7.1,1.3,com.heyyogame.jdzl,https://www.facebook.com/hzol.heyyogame/,cs@service-cs.heyyogame.com
189,Hill Climb Racer 2018 New,JacksonMartinez,冒险,4.6,106,"10,000",2018年12月3日,67,1.0.1,com.climbhill.racingmaster,,jacksonmartinez1971@gmail.com
190,The Symmetry Drawing Puzzle,ChillGame,益智,4.2,267,"10,000",2018年12月7日,38,1.0,com.symmetry.drawing.puzzle.killingtime,,relaxgamestudio10@gmail.com
191,Massive Jackpot Casino - Slot Machines,DG Titan,赌场,4.2,5,500,2018年12月8日,56,1.0.1,air.com.massivejackpot.slots,,danieldee1869@gmail.com
192,Super Goko Saiyan Fighting,Elias Ouali,动作,3.9,86,"10,000",2018年11月28日,19,1.2,com.tictac.supergokusaiyanwarrior,,super.goko@gmail.com
193,Wish Stone - Nonogram,GAMEFOX,益智,4.5,32,"1,000",2018年12月12日,37,1.5,com.gamefox.wishstone,,puzzlegamefox@gmail.com
194,Pancake Milkshake,Joy Games Labs,休闲,3.0,40,"5,000",2018年11月24日,6.4,1.0.1,com.quoma.panmilk,,joygames@yahoo.com
195,Relaxing Bounce,Relaxing Developer,动作,4.2,44,"5,000",2018年12月11日,41,1.45,com.logame.relaxingbounce,https://www.facebook.com/Relaxing-Jump-337066387063491,darkeden.gm@gmail.com
196,Adventure Ball,Crystal Squid,街机,4.6,34,"5,000",2018年11月26日,20,1.0,crystalsquid.AdventureBall,http://www.crystalsquid.com,android-support@crystalsquid.com
197,Death Collector,Choice of Games LLC,角色扮演,4.5,45,"1,000",2018年12月6日,4.8,1.0.0,com.choiceofgames.deathcollector,https://www.choiceofgames.com/,support-deathcollector-gps@choiceofgames.com
198,Bike Racer 2019,Million games,竞速,4.5,151,"50,000",2018年12月10日,48,1.3,com.milliongames.bikeracer2019,http://www.milliongames.net,milliongamesnew@gmail.com
199,Project Fame: Idle Hollywood Game for Glam Girls,cherrypick games,模拟,3.8,700,"100,000",2018年12月4日,89,1.1.10,com.cherrypickgames.hollywoodinc,http://www.cherrypickgames.com,support@cherrypickgames.com
200,Truck Simulation 19,astragon Entertainment GmbH,模拟,3.8,"2,103","50,000",2018年11月23日,51,1.3,com.astragon.trucksimtwo,http://www.trucksimulation19.com,support.ts19@astragon.com
201,Christmas Coloring Book & Games for kids & family,GunjanApps Studios,休闲,4.8,35,"5,000",2018年12月12日,8.2,2.0,com.gamesforkids.coloring.games.christmas,http://gunjanappstudios.com/,support@gunjanappstudios.com
202,Idle Evil Heroes ― Clicker & Simulator,AppQuantum,模拟,4.7,94,"1,000",2018年12月4日,67,0.6,com.evilclicker.evilclicker,http://appquantum.com,publishing@appquantum.com
203,Kids Christmas Jigsaw Puzzle,Skycap,益智,4.6,12,"10,000",2018年11月23日,11,1.1,com.skycap.Kids_Christmas_Jigsaw,http://www.skycap.co.in,contact@skycap.co.in
204,Ultimate Cookie The Robloxe Swirl : World adventur,3D Action Games,冒险,3.5,27,"5,000",2018年11月13日,36,1.1,com.Ultimate.Cookie.TheRobloxe.Swirl,,sferrodona1972@gmail.com
205,Undertale Piano Game,Lionel Light,音乐,3.6,186,"5,000",2018年11月12日,32,4.4,com.music.game.bluesky.undertale,,goldenstudio1997@gmail.com
206,Momo - Horror game,Fox Art Games,冒险,4.1,207,"10,000",2018年12月6日,70,1.0,org.foxartgames.momohorror,http://foxartgames.com,news8star@gmail.com
207,Word collect,Little Gamer Studio,文字,4.9,8,"1,000",2018年12月11日,21,1.0.6,com.xiwangkeji.wordcollect,,weaponzxblxx@gmail.com
208,Super Bubble Pop,Bubble Shooter Games by Ilyon,桌面和棋类,4.6,453,"50,000",2018年11月15日,因设备而异,1.1.3,pop.bubble.supr,http://www.ilyon.net,support@ilyon.net
209,Train Surfer: Rail Unknown,kamzkanata,街机,4.2,204,"10,000",2018年12月11日,38,1.0.3,com.nex.trainsurfersunknown,,contact@nexinsoft.com
210,Coin Pusher Circus,Queen Machine,桌面和棋类,4.4,7,"1,000",2018年12月10日,47,1.0.2,vegas.circus.crazy.casino,,holanicer@gmail.com
211,Faraway 4: Ancient Escape,Snapbreak,益智,4.7,427,"10,000",2018年12月10日,91,1.0.4344,com.snapbreak.faraway4,http://www.snapbreak.com,info@snapbreak.com
212,宝石消消Crush2019,Create Enjoyful Game,冒险,4.6,34,"5,000",2018年12月6日,22,1.0,com.m2studio.jewelcrush2019,,cliu9000@gmail.com
213,Unlimited Speed,Naxeex Studio,模拟,4.6,424,"50,000",2018年11月13日,85,1.0,com.ns.unlimited.speed,http://naxeex.com,feedback@naxeex.com
214,Artbook Story-Jigsaw Puzzle,A SEED GAMES,休闲,4.2,123,"10,000",2018年12月7日,34,1.0.5,com.asg.polypixel,,yuan.shi@aseedgames.com
215,Word Journey - New Crossword Puzzle,Brain Training Games Dev,文字,4.6,130,"5,000",2018年12月10日,79,1.7,com.word.journey.crossword,,wuji.tian2018@gmail.com
216,Mech Battle,Djinnworks GmbH,动作,4.4,397,"10,000",2018年12月11日,因设备而异,1.1.0,com.djinnworks.mb,http://www.djinnworks.at,support@djinnworks.at
217,Naperville Motorcycle Racing,MT Free Games,竞速,4.4,111,"10,000",2018年12月6日,因设备而异,因设备而异,com.mtfreegames.napervillemotorcycleracing,https://multitouchstudios.com,syedaanjum999@gmail.com
218,Throne of Elves: 3D Anime Action MMORPG,PopPace,角色扮演,4.6,881,"10,000",2018年11月30日,85,2.18.5,com.poppace.toe.dragon.souls.anime.brave.mmorpg.action.blades.arpg.online.games,http://www.poppace.com,toegm@poppace.com
219,Homecraft - Home Design Game,TapBlaze,模拟,4.4,227,"10,000",2018年12月11日,74,1.1.8,com.tapblaze.homecraft,http://www.tapblaze.com,homecraft@tapblaze.com
220,"Food Runner: run, jump, dash, survive!",ETsoft,休闲,5.0,6,500,2018年12月4日,46,0.7.4,com.ETGames.Fruits,http://upecotech.com,e.workspb@gmail.com
221,Pink Mansion Minecraft Game for Girls,Big Craft Maps,冒险,3.7,82,"5,000",2018年11月22日,15,1.1,pink.dream.mcpe.minecraftpe.summer,,evgenijazarvel@gmail.com
222,Make a Cookie for Santa ― The Elf on the Shelf?,The Elf on the Shelf?,模拟,4.7,10,"1,000",2018年11月19日,53,1.1,com.elfontheshelf.macs,http://www.elfontheshelf.com,darcy@elfontheshelf.com
223,Helix Falling,Duoni,休闲,3.0,4,"1,000",2018年12月7日,35,1.5.2,com.OneSail.QiuQiu,,duonidalao2018@gmail.com
224,Live Chat With Lucas And Marcus - Prank,Tmchirou,模拟,4.3,6,"1,000",2018年11月13日,2.3,1.0,comchat.with.lucasandmarcus,,davewapp@mail.ru
225,阳春白雪,h文化,音乐,4.8,"2,787","100,000",2018年12月4日,36,1.82,com.Rnova.lyrica,https://www.lyricagame.com/,lyrica@hgcagroup.com
226,MaxCraft: Big City Building Games,3D Crafting Future Studios,教育,4.2,212,"10,000",2018年12月6日,36,9.2.5,com.zafjo.maxcraft.max.craft.big.city.building,,ijokiyoet89@gmail.com
227,Crafting Grind,MiniQ CS.,街机,4.3,7,"1,000",2018年12月3日,17,1.0.1,com.brlapdandroidapps,,TangKaYan89@gmail.com
228,Dollhouse Craft Lite: Games for Girls,Survival Crafting & Exploration Adventure Games,冒险,3.8,10,"5,000",2018年12月5日,62,1.0,com.survivalcrafting.dollhouse.craft.lite.decoration.girls.house.building.simulator.home.design.exploration.dressup.love.spa,,freesandboxexploration@gmail.com
229,Master Bubbles,Cookie Crush Games,街机,4.4,449,"50,000",2018年11月22日,因设备而异,1.1.4,bubbles.master,http://www.ilyon.net,support@ilyon.net
230,末世战场：放置英雄游戏,Moon Studios,策略,4.8,47,500,2018年12月10日,93,1.1.1,com.bettergame.ib,,jinyebuzhidao003@gmail.com
231,Banana Rush : Minion Adventure Legends Rush 3D,Fun.games3d,街机,3.8,90,"10,000",2018年11月30日,36,1.1,com.banana.rush.adventurerush.legendsrun,,richardjean053@gmail.com
232,猫猫爱消除,Yunbu Game Studio,休闲,4.9,83,"1,000",2018年11月29日,36,1.0.2,com.yunbu.cat.story.crush.free,,yunbugame@gmail.com
233,World Quest,Dark Matter Oy,冒险,3.4,46,"1,000",2018年11月26日,100,1.0,com.darkmatter.WorldQuest,http://www.darkmatterplay.com,support@darkmatterplay.com
234,Piano Tuts : Scary Bendy Piano Tiles,Piano Great Dev,街机,3.6,51,"5,000",2018年11月18日,20,1.0,com.bendy.bricebaselic,,pianogreatdev@gmail.com
235,Road Blast - Crazy Rider,Cool You,动作,4.8,28,500,2018年11月30日,87,1.0.2,com.misterfour.roadblast,,support@roadblastrtr.com
236,Pixel Crusher,freedomgame,休闲,5.0,8,500,2018年12月8日,35,1.0.2,com.freegame.Pixelcrusher,,congniubi@gmail.com
237,Crazy Juicer - Slice Fruit Game for Free,Duoni,动作,3.6,52,"10,000",2018年12月11日,39,1.11,com.hippogames.JuicySlice,,duonidalao2018@gmail.com
238,Happy Deadly Wheels,King of Games studio,模拟,3.2,19,"1,000",2018年11月27日,33,1.0,com.KG.hdw,,kingofgame.std.dev@gmail.com
239,Bigfoot Monster Hunter Online,OneTonGames,模拟,4.2,204,"5,000",2018年12月9日,93,0.8,com.onetongames.bmho,,status-nsk@mail.ru
240,Ice Cream Coloring Book,Bkbros Studio,教育,3.0,1,"5,000",2018年11月23日,33,1.4,com.bkbrosstudio.icecreamcol,,lhamidymostafa@gmail.com
241,Flip Rush : Go fast,Hall Inc,竞速,2.1,14,500,2018年12月4日,3.4,1.0,com.huiiiii.fliprush,,salmaabou02@gmail.com
242,Grappling Garry,DoubleJump,街机,4.6,9,"1,000",2018年12月12日,34,2.2,com.doublejump.grapplingarry,http://doublejump.com,support@doublejump.com
243,Bubble Shooter: Free Cat Pop Game,Sonatgame,益智,4.7,214,"10,000",2018年12月7日,因设备而异,1.02,com.bubbleshooter.free.cat.pop.game,,sonatgame@gmail.com
244,Game of Township,Monica Game Studio,休闲,2.6,24,"5,000",2018年11月30日,36,1.0,com.nemo.gameoftownship,,yangyongjian2018@gmail.com
245,Stack Shoot Balls 3D,BallGames,街机,4.3,64,"5,000",2018年11月28日,36,0.2,com.YgDevApp.StackBalls,,th0m4s.i.am@gmail.com
246,NES Emulator - Best Emulator Classic Retro,Ibanez Studio,街机,4.5,62,"1,000",2018年12月8日,4.0,1.0,nes.roms.emulator.arcade.classic.game,,hoangconghung8797@gmail.com
247,Even PewDiePie Gets Groceries,Commissura,街机,5.0,216,"1,000",2018年12月9日,21,1.0.7,com.commissura.epgg,,commissura@live.com
248,Disc Golf Valley,Per Wahlstedt,体育,4.9,15,"1,000",2018年12月9日,63,0.35,com.Per.DiscGolf,,per.wahlstedt@gmail.com
249,Sonic Adventure: Christmas Run,slogohimo studio,街机,4.5,49,"10,000",2018年12月11日,7.2,10.45,com.sonicrunz.superworld,,deliapangestuti310@gmail.com
250,Fire Cannon,gamer developer,模拟,3.9,44,"10,000",2018年12月8日,30,1.1.2,com.glgam.fire.cannon,,ohpsfzke@gmail.com
251,机场货运卡车驾驶游戏真正的停车场,Funmotion New games for kids,模拟,3.4,10,"1,000",2018年11月23日,83,1.2,com.funm.truck.driver.airport.cargo.simulator,https://www.facebook.com/funmotionmobilegames/?modal=admin_todo_tour,attaulrehman0011@gmail.com
252,Christmas Color by Number C Merry Xmas Pixel Art,Sticky Apps and Games,益智,3.8,32,"1,000",2018年11月30日,33,1.0.2,com.Christmas.Pixel.Art.Coloring.Number,https://stickyapps.site123.me/,srgamesapps@gmail.com
253,小泡泡,Pine Street Codeworks,益智,4.8,256,"10,000",2018年12月6日,97,1.4.1,com.pinestreetcodeworks.TinyBubbles,https://pinestreetcodeworks.com/tiny-bubbles,support-gp@pinestreetcodeworks.com
254,Stickman Battles: Online Shooter,Stickman Indie,动作,4.3,117,"50,000",2018年11月26日,33,1.0,com.stickmanindie.stickbattlesonlineshooter,http://facebook.com/stickmanindie/,stickmanindie@gmail.com
255,Balls VS Slicer,iDreamsky Hong Kong,休闲,1.0,2,500,2018年12月5日,16,1.0,org.cocos2d.cutcut,,andy.skytouch@gmail.com
256,Blast Ball Legend,sungsung,休闲,4.5,146,"10,000",2018年12月12日,40,1.1.10.208,com.ningxin.game.ballshooter,,fungsung446@gmail.com
257,the beyblad brust all videos,TheTopCartonGame,动作,3.6,98,"10,000",2018年11月21日,3.3,1.0,al60grl.beybldcpt017brust.apli01,,galkor.tamazi521@gmail.com
258,电龙机器人变换：机器人大战游戏,Brilliant Gamez,模拟,4.7,19,"10,000",2018年12月5日,46,1.0.5,com.brilliantgamez.dragon.robot.transforming.future.robot.wars,http://www.brilliantgamez.com,brilliantgamez@gmail.com
259,NDS Emu Classic: Emulator,8Bit Emu Corp,街机,3.3,36,"5,000",2018年11月26日,11,1.4,com.ndsemuclassic.emulator,,Emu8bitgamecorp@hotmail.com
260,Cute & Tiny Candy Factory - Sweet Dessert Maker,Cute & Tiny Baby Games,教育,4.5,4,"5,000",2018年12月7日,31,1.0.30,com.cuteandtinybabygames.cutetinycandyfactory.free,http://www.zaidimustudija.lt,info@zaidimustudija.lt
261,Valor Guard Tactics,"GRAVITY Co., Ltd.",角色扮演,4.5,143,"1,000",2018年12月6日,65,1.0.1,com.gravity.valorgt.aos,http://www.gravity.co.kr,gravitymobilebiz@gmail.com
262,Curve N Ball,Acoin Games,街机,3.5,15,"5,000",2018年12月11日,14,1.0.0,com.acoingames.arcade.curvenball,,feedback@acoingames.com
263,Soul Ark: Brave and Fate,"Bluestone Soft, Inc",角色扮演,4.1,74,"1,000",2018年11月28日,51,1.4,com.bluestonesoft.soularkglobal,https://facebook.com/SoulArkPage,help@bluestonesoft.co.kr
264,Solitaire,Lite Tools Games,卡牌,4.9,36,"1,000",2018年12月7日,15,1.1.2,com.litegames.solitaire,,cghxstudio@gmail.com
265,r尚_人大比拼，我的青春我做主！,Libii,角色扮演,4.2,183,"10,000",2018年11月21日,40,1.0,com.libii.fashionmall,http://libii.com,wecare@libii.com
266,Moto Driving School,GT Action Games,模拟,4.0,12,"5,000",2018年12月11日,因设备而异,因设备而异,com.gtactiongames.motodrivingschool,http://www.gtactiongames.com,gtactiongames@gmail.com
267,Solitaire Academy,Bonus Winner Online Entertainment Co. Ltd.,卡牌,4.6,9,500,2018年11月27日,74,1.1,tw.com.bonuswinner.solitaire.academy,http://www.solitaireacademy.com/,Service@solitaireacademy.com
268,Homo 进化：人类起源,Azur Interactive Games Limited,街机,4.5,124,"5,000",2018年12月1日,51,1.0.7,com.azurinteractive.humanevolution,http://azurgames.com,zar@azurgames.com
269,Crazy Ball,Flip Man Studio,竞速,2.9,75,"1,000",2018年12月12日,28,2.03,com.oyoung.master6,,jiaoninlin6@gmail.com
270,Anime: The Last Battle of The Cosmos,Room Studios,街机,4.5,254,"10,000",2018年11月19日,21,1.01,com.roomstudios.animethelastbattleofthecosmos,,room.studios0@gmail.com
271,Metal Mercenary - 2D Platform Action Shooter,1Sky Studio,冒险,3.6,27,"5,000",2018年11月30日,42,53,com.mobi.army.metal,,1skystudio688@gmail.com
272,Merge Money,VGames Studios,休闲,4.6,22,"1,000",2018年12月7日,35,1.0.3,com.vgames.mergemoney,,vgamesdev@gmail.com
273,Escape:The Word Puzzles,Build Game With Heart,文字,5.0,3,500,2018年12月11日,20,1.0.2,com.escape.the.word.puzzles,,buildgamewithheart@gmail.com
274,Bug Smasher Best Cool And Fun Game,Robot War Games,休闲,5.0,3,500,2018年12月7日,11,因设备而异,bugworld.bugsmaher.insectsmaher,http://umobfunstore.blogspot.com/,phamtantrung1988@gmail.com
275,Galaxy Shooter Reloaded,PRIO HYPER GAME,街机,4.3,26,"5,000",2018年12月1日,40,1,com.galaxy.shooter.galaxyattack,,tquocbui1909@gmail.com
276,"Cute & Tiny Family - Baby Care, Holiday & Farm Fun",Cute & Tiny Baby Games,教育,4.3,6,"5,000",2018年12月7日,39,1.0.32,com.cuteandtinybabygames.cutetinyfamily.free,http://www.zaidimustudija.lt,info@zaidimustudija.lt
277,Cannon Shot,Sappgames,街机,4.0,11,500,2018年12月2日,38,0.1,com.SappGames.CannonShot,,Chappsgames@gmail.com
278,牛仔世界：牛仔，印第安人和狂野西部,Survival Crafting & Exploration Adventure Games,冒险,4.6,17,"5,000",2018年11月30日,59,1.4,com.survivalcrafting.red.dead.redemption.western.cowboy.gun.duel.indians.train.robbery.sheriff.bandits.crafting.horse.riding,,freesandboxexploration@gmail.com
279,Fox Jigsaw Puzzles,Titan Inc,益智,4.8,99,"5,000",2018年11月23日,43,1.8.1,com.titan.tpfox,http://www.titanitc.com,titan.info.tech.co@gmail.com
280,绘图为婴儿?为孩子们着色游戏,GoKids!,教育,4.6,30,"10,000",2018年11月16日,32,0.4.14-R,com.gokids.drawingzoo,https://www.facebook.com/GoKidsMobile,toplinesolutionsltd@gmail.com
281,Stick Fight Classic,TNSoftware,动作,4.4,50,"1,000",2018年12月5日,31,1.02,com.technull.stickfightclassic,http://www.technull.com,contact@technull.com
282,Undertale Sans Coloring Game,alicia,教育,3.9,81,"5,000",2018年11月12日,6.9,2.0,com.sansu788.coloringbook,,alicialaa.153@gmail.com
283,Dragon Hunter 2019,Supercode Games,动作,4.2,32,"10,000",2018年12月8日,85,1.0.6,com.supercodegames.android.hungry.dragon.hunter.game,http://www.supercodegames.com,support@supercodegames.com
284,Black Mirror? Nosedive,Asmodee Digital,桌面和棋类,2.9,10,"1,000",2018年11月19日,21,0.36,com.smoozee.nosedive,http://www.asmodee.com,customerservice@AsmodeeNA.com
285,Words Story: Escape Alcatraz - Exciting Word Game,Great Puzzle Games,文字,4.6,"1,518","100,000",2018年11月30日,30,1.1.0,com.game.puzzles.words.find,,escape-alc@boooea.com
286,Ultra Sonic Speed: Kart Racing,PEVARYL,竞速,4.3,44,"5,000",2018年11月28日,46,2,com.ultra.racer.speed.kart.racing,,camilix.duster@gmail.com
287,"there's this girl",Angela He,模拟,4.8,281,"1,000",2018年12月1日,因设备而异,0.1,com.AngelaHe.TheresThisGirl,http://zephyo.github.io,zephyo@stanford.edu
288,Color Ssswitcher,Fun Monkey Ltd,竞速,4.9,10,100,2018年12月4日,26,1.0.0,com.huuugetaptapgames.color.ssswitcher,https://taptap.games/,funmonkeyltd@gmail.com
289,Cash Weed Game of Gang Cartel Rise,CM Idle Taps and Clicker Interactive,模拟,4.8,10,"1,000",2018年11月18日,37,1.0,com.ctm.weedfarmcollege,,cmflappy@gmail.com
290,Galaxy Shooter - 打砖块,SUPERBOX.INC,街机,4.8,113,"5,000",2018年12月11日,27,1.1,com.superbox.aos.galaxyshooter,http://superbox.kr,help@superbox.kr
291,Totally Accurate Battle Simulator Tips TABS,Alice Martin,模拟,4.2,"1,214","1,000",2018年11月26日,3.8,3.0,com.totaly.accu,,alicemartingigs@gmail.com
292,Iron Bot,Naxeex Robots,动作,4.9,45,"10,000",2018年12月5日,99,1.0,com.nc.iron.bot,https://naxeex.com/,naxeex.studio@gmail.com
293,TekiKare - Boyfriend or Foe? - BL Game,Abracadabra Inc.,冒险,4.6,47,"1,000",2018年11月21日,52,1.0.0,info.otomedou.fwe.tekikareEn,https://abracadabra.co.jp/en/,games@abracadabra.co.jp
294,警察VS囚犯,Kareem game,街机,4.6,543,"50,000",2018年12月6日,26,1.1.1,com.prisonvspolice.fightescapegame,,Kareem879340@gmail.com
295,Lapse 2: 前夜 (Beta),Cornago Stefano,策略,4.9,"2,290","10,000",2018年11月23日,31,1.0.0-beta,com.cornago.stefano.lapse2,http://www.cornagostefano.it/,stefano.cornago@gmail.com
296,Level Up Button Gold (Premium),DroidGames Studio,街机,4.6,"1,013","10,000",2018年12月7日,8.3,3.5.0,droid.gamesstudio.Level_Up_Button_Gold,http://www.droidgamestd.xyz,droidgamestd@gmail.com
297,Three Card Casino Plus,Chase and the Rocketeers,赌场,4.1,8,500,2018年11月29日,48,1.0,com.ChaseAndTheRocketeers.ThreeCardCasinoPlus,https://chaseandtherocketeers.com,starvybm@gmail.com
298,Gem64 - N64 Classic Emulator,Gem Emu Corp,街机,3.0,20,"5,000",2018年11月21日,11,1.0.1,com.gem64.n64classic.emulator,,gememu2014@dcacorp.cn
299,Deluxe Fun Slots - Free Slots Machines,DG Titan,赌场,4.5,12,"1,000",2018年11月27日,45,1.0.0,air.com.slotdeluxe4.funslot,,danieldee1869@gmail.com
300,追星模生,Day7,模拟,4.7,280,"5,000",2018年12月6日,77,1.3,com.newday.girlssecretglobal,http://www.day7games.com/company/mainView.ctv?lang=en,day7officialinfo@gmail.com
301,Big Brain - Functional Brain Training,PocketLand,益智,4.6,108,"10,000",2018年12月11日,31,1.11,com.leodesol.games.big.brain.training.puzzle,,business@pocketland.com
302,Mentors RPG: Strategy TBS,Ice Storm,角色扮演,4.5,"10,140","100,000",2018年11月19日,51,0.10.4,com.icestorm.mentors,,isorbgame@gmail.com
303,Looney: Toons Bugs Rabbit Bunny Dash Run Rush,Serkan baba,街机,4.1,26,"1,000",2018年11月26日,39,1,app.Looneytoons.DashBugsRabbitBunnyRun.rush,,Yeter2232@gmail.com
304,Stick Game: The Fight,ChodaGames,街机,4.4,54,"5,000",2018年11月15日,6.3,1.0.0,com.chodagames.stickfight,,chodagames@gmail.com
305,无,无,无,无,无,无,无,无,无,com.auer.dawnbreak.trial.single.player.song.free.ice.fire,无,无
306,Slots 2019 - Free Slots Casino Game,PPGGame,赌场,4.4,97,"1,000",2018年12月8日,62,1.0.6,com.slots2018.slotscasino,,alleniversion9932@gmail.com
307,暗影传说：火柴人复仇,LEGENDARY St,动作,4.6,77,"10,000",2018年12月7日,因设备而异,1.1.6,com.legendary.shadow.fight,,idlelegend.st@gmail.com
308,Best Escape Game 525 Happy Warlock Rescue Game,Best Escape Game,益智,4.8,123,"1,000",2018年12月8日,13,1.0.0,air.com.bestescapegame.BestEscapeGame525HappyWarlockRescueGame,http://www.games4king.com/,games4kinginfo@gmail.com
309,Pixel Royale Battles ― Survival & Shooter online,Pixel Royale Games for free,动作,5.0,7,100,2018年11月29日,90,1.0,battle.royale.survival.battleground,,gdevloizou@gmail.com
310,Poopsie Slime Surprise ?unicorn?,Bah Studio,模拟,4.2,127,"1,000",2018年12月1日,29,1.0,com.poop.slime.unicorn.games.one,,BahStudio@gmail.com
311,Pixel Paint,PlaySpot Games,益智,3.6,35,"10,000",2018年11月12日,59,1.7,com.relaxingbraintraining.pixelpaint,,f2p.media.group@gmail.com
312,Stronghold: A Hero’s Fate,Choice of Games LLC,角色扮演,4.6,197,"5,000",2018年11月25日,5.2,1.0.4,com.choiceofgames.stronghold,https://www.choiceofgames.com/,support-stronghold-gps@choiceofgames.com
313,City Merger,Fun Monkey Ltd,模拟,3.6,7,500,2018年11月29日,32,1.0.6,com.huuugegames.superhotelmerger,,funmonkeyltd@gmail.com
314,Deal Or No Deal Live,iPro Inc,休闲,4.9,7,100,2018年12月6日,41,1.0.0,com.ipro.emldond,https://www.ringitgames.com,shaan.devaraj@iprogames.com
315,Best Escape Games 118 Surprised Penguin Escape,Best Escape Games,益智,4.9,98,"1,000",2018年12月9日,14,1.0.0,air.com.bestescapegames.BestEscapeGames118SurprisedPenguinEscapeGame,http://www.kingescapegames.com,bestescapegames@gmail.com
316,丧尸国度,37GAMES,策略,4.0,78,"10,000",2018年12月12日,84,3.0.3,com.games37.zombie,http://en.37.com/,help@37.com
317,童军冒险。 为孩子们露营,Hippo Baby Games for Girls and for Boys,教育,4.7,21,"10,000",2018年11月13日,51,1.0.1,com.hippo_kids_games.camping_scouts_hiking.forest_camp,http://psvgamestudio.com,babygamepub@gmail.com
318,Helix Jump 2018,Bashar Alhasan,动作,3.7,79,"5,000",2018年11月27日,25,0.1,com.game.world,,basher199445@gmail.com
319,Street Gangster vs Hero Fighter,Games Cell,动作,3.5,2,500,2018年11月30日,48,1.1.1,com.gc.street.gangster.fighter,,gamescell2019@gmail.com
320,Second World War: real time strategy game!,Appscraft,策略,4.5,"1,216","100,000",2018年12月6日,100,1.18,ru.appscraft.worldwar2,http://www.appscraft.ru,admin@appscraft.ru
321,Ice Racing,BRIAU,街机,2.0,124,"1,000",2018年12月5日,13,1.0,com.racing.walliceracing,,saglioforlife2018@gmail.com
322,Merge Fish!,KAKAXI STUDIO,休闲,4.7,110,"5,000",2018年12月5日,32,1.0.4,com.joyfort.fishmerger,,xsanbbshryds@gmail.com
323,方K拼D,Block Puzzle Classic Game,益智,4.9,213,"10,000",2018年11月30日,18,1.7,com.spegame.blockpuzzlestone,,xubaozhongdashabi001@gmail.com
324,Live Chat With YoungBoy Never Broke Again - Prank,Tmchirou,模拟,2.7,6,500,2018年11月15日,2.3,1.0,comchat.with.youngboyneverbrokeagain,,davewapp@mail.ru
325,House Craft: Explore Dreams,House Castle Games,冒险,3.3,31,"5,000",2018年11月30日,25,1.0,com.house.craft.explore.dream,,gleburievdev@gmail.com
326,Super Rata,NEGAS,冒险,4.7,410,"5,000",2018年12月9日,3.4,1.0.1.0,com.negas.superrata,http://negas.tv,jonathan@ludeku.net
327,Thor Falls in Love - Crush on High School Girls,Tec Games,角色扮演,4.6,9,"5,000",2018年11月26日,40,1.0,com.tecgames.thorfallsinlove,http://tecvivid.com,games@tecvivid.com
328,Mini Craft : Exploration 2019,Mixwin,知识问答,3.4,179,"10,000",2018年11月15日,15,1.0,com.mixwin.minicraft,,rodatiga944@gmail.com
329,NY Police Battle Bank Robbery Gangster Crime,Desert Safari Studios,动作,4.4,112,"10,000",2018年11月28日,99,1.0,com.dss.bank.robbers.police.battle.game,http://www.desertsafaristudio.com,desertsafaristudios@gmail.com
330,Undertale Piano Tiles,Pedro Martello,音乐,3.2,48,"1,000",2018年11月16日,14,1.0,com.tompokpiano.undertalepianotiles,,gagalbersinar4@gmail.com
331,The Savior：免M射暨[,Charm Tech.,冒险,4.3,335,"100,000",2018年12月10日,90,1.2,com.savior.zombieshootinggames,,charmgamesstudio@gmail.com
332,Block Puzzle Jewel Star,Awesome_team,益智,4.5,14,"10,000",2018年11月26日,28,1.3,com.block.jewel.tetris.pro.puzzle,,thunga240894@gmail.com
333,Horror School Game Craft Worls Monsters,Crafting and building maps Studio,冒险,3.1,26,"1,000",2018年11月28日,13,1.2,com.new.school.horror.game.craft.map,,alexandra.yundunova@gmail.com
334,Evolution of Species 2,Evolution of Games,街机,4.3,192,"5,000",2018年11月14日,25,1.0.0,com.EvolutionOfGames.EvolutionOfSpecies2,,evolutionofgamescompany@gmail.com
335,Fancy Yohoo Multiplayer:New Crazy Eights Extension,"FancyCorn Co.,Ltd",卡牌,4.6,32,"5,000",2018年12月6日,43,1.3.6,com.fancycornstudio.yohoo,http://www.fancycornstudio.com,contact@fancycornstudio.com
336,Descendants 2 Piano Game,Superior Mobile Games,音乐,4.2,54,"5,000",2018年11月15日,30,1.0,com.pianogame.tap.descendants2pianotiles,,zawettiox@gmail.com
337,Kavi Escape Game 497 Find Zombie Game,Kavi Games,益智,4.6,98,"1,000",2018年12月8日,14,1.0.0,air.com.kavigames.KaviEscapeGame497FindZombieGame,http://kavigames.com,kavigames2016@gmail.com
338,BigCraft：探索与生存,Voxel Sandbox : Exploration & Survival,街机,3.8,73,"1,000",2018年12月1日,30,1.0,com.craft.Big.building.crafting,,support@voxelsandbox.com
339,Zootype Cooking Master,SKY EYES,模拟,4.6,107,"1,000",2018年12月7日,51,20,cook.master.fever.craze,,esoultw1@gmail.com
340,Pixel Hunting：Micro Heroes,hui jingwei,角色扮演,1.8,6,100,2018年12月12日,363k,1.0,com.hermes.pixel.and.en,,hermesreturnz@gmail.com
341,Jurassic Island: Lost Ark Survival,Area730 Entertainment,冒险,4.5,191,"10,000",2018年12月11日,62,1.4.4,com.area730.survival,https://area730.com,team@area730.com
342,db Super warrior battle,new free games,动作,4.2,52,"1,000",2018年12月2日,19,1.6.3,dbsss.saiyanfighterss.dbsgame,,manuel78joaquin@gmail.com
343,Qwack Flip,Nocturnal Gaming,休闲,3.8,9,500,2018年12月12日,31,26,com.nocturnalgaming.skatepork,http://ErmergerdGaming.com,srevels@ermergerdgaming.com
344,Trump Saw Game 2,Inka-Games,冒险,4.4,404,"10,000",2018年12月10日,17,1.1.3,com.trump.game.saw,,vikaloenko89@gmail.com
345,Sky Hopper C Sky Jump Game for Free,Duoni,休闲,4.0,1,100,2018年12月7日,33,1.0,com.hippogames.upupup,,duonidalao2018@gmail.com
346,棒球高高手,Suen Mobizz,体育,4.0,17,"1,000",2018年11月22日,17,1.0,sports.Baseball.League,,WilsonSueno0@gmail.com
347,Super Tornado .Io Delux !,Ennui Studio Games,冒险,4.6,10,"1,000",2018年11月25日,43,1.4,com.EnnuiStudio.SuperTornadioDeluxe,http://www.ennuistudio.com,contacto@ennuistudio.com
348,Stickman jailbreak 2020,Kokoko,休闲,4.6,50,"5,000",2018年11月24日,22,1.0,air.sjdvadva,,dmitrijstar1@gmail.com
349,Flip Stack,Flip Stack Studio,模拟,4.7,6,100,2018年12月10日,41,1.01,com.flip.stack.trickster,,ltylsy111@gmail.com
350,Loco Craft : Creative And Survival Story Mode,Tilana Crafting 3D Games INC,冒险,3.1,277,"10,000",2018年11月26日,19,2.6,com.titala.lococraft_exploration_mini,,admin@tilana.es
351,Minicraft 2019,oussaluffe,冒险,3.4,218,"10,000",2018年12月8日,11,6.1.5,co.tur.bui,,princeoussama9631@gmail.com
352,OctoHits,YSO Corp,策略,3.0,399,"100,000",2018年12月8日,28,0.3.9,com.YsoCorp.Octohits,https://www.ysocorp.com,lucas.yalap@ysocorp.com
353,Beary Merry Bear Builder,BeBright Ltd,教育,4.6,53,"10,000",2018年11月15日,65,0.0.1,com.bebright.BuildABearWorkshop,https://www.bebright.me/,info@bebright.me
354,Best Escape Game 526 Brutal Monster Escape Game,Best Escape Game,益智,4.8,91,"1,000",2018年12月9日,14,1.0.0,air.com.bestescapegame.BestEscapeGame526BrutalMonsterEscapeGame,http://www.games4king.com/,games4kinginfo@gmail.com
355,"Lep's World Z",nerByte GmbH,冒险,4.1,71,"5,000",2018年12月9日,因设备而异,1.0,at.ner.zombieWorldFree,https://www.ZombieWorldGame.com,support@zombieworldgame.com
356,翻D反,Mouse Games,体育,4.3,"1,649","100,000",2018年11月23日,20,1.1.0,com.mimos.flipbounce,http://mouse-games.com,contact@mouse-games.com
357,Whack Your Zombie Neighbour: Scorum Edition,Netcreeper Games,动作,4.8,31,"1,000",2018年12月12日,29,1.0.6,air.WYZNAndroid,https://www.whackit.co/,netcreepergames@gmail.com
358,TopDolls,TopDolls,冒险,4.2,5,100,2018年12月5日,28,1.18.6,com.topdolls.inner.test,http://www.topdolls.com,topdolls@topdolls.com
359,Basketball crew 2k18 - dunk stars street battle!,101XP LIMITED,体育,4.2,81,"10,000",2018年11月26日,40,10.0.555,com.xp101.basketball,https://basketball.101xp.com/,support@101xp.com
360,jevil clown - delta attack,GL-06 games studio,街机,4.8,45,"1,000",2018年12月2日,13,2,com.deltajevil.clown,,aiman.crk@gmail.com
361,Idle Spinner,iJoyGame,街机,4.7,72,"5,000",2018年12月10日,11,1.1.3,free.fidget.spinner.fastspinner,,smartwong2015@gmail.com
362,超级明星职业 (Superstar Career) - 装扮新星,Games For Girls O?,休闲,4.4,121,"10,000",2018年11月13日,因设备而异,1.0,com.gamesforgirlsfree.superstarcareer,,gamesforgirlsou@gmail.com
363,Chat With Jojo Siwa Prank,Team TV inc.,模拟,4.7,24,100,2018年12月3日,12,1.0,com.jojo.jojoichatappC,,nanouutt12@mail.ru
364,Mon Rush,VGames Studios,街机,4.7,23,"1,000",2018年12月7日,55,1.0.9,com.vgames.monrush,http://vgamestd.com/,vgamesdev@gmail.com
365,Hilly.io,Clown Games,街机,4.4,195,"5,000",2018年11月12日,38,1.0,com.clowngames.hillyio,http://www.clown.gs,info@clown.gs
366,Road Trip FRVR - 连接汽车拼图的道路,FRVR,益智,4.3,7,"1,000",2018年11月29日,因设备而异,1.0.0,com.frvr.roadtrip,https://frvr.com,info@frvr.com
367,Dunkers 2,Playback Studio,体育,4.0,13,"1,000",2018年12月5日,59,1.5,com.playbackgames.dunkers2,http://www.playbackgames.co.uk,info@playbackgames.co.uk
368,Smarter - Brain trainer & Mind games,Laurentiu Popa,益智,4.9,71,"5,000",2018年11月26日,7.0,1.0.71,net.rention.smarter,https://rention.net/smarter.html,smarter@rention.net
369,Zombie Crush Hill Road Drive,Oppana Games,竞速,4.8,6,"5,000",2018年12月7日,73,1.1,com.OppanaGames.zombie.crush.hill.road.drive,,oppanagames@gmail.com
370,Quote Coloring Pages For Adults,Tiny Play,休闲,3.7,3,500,2018年11月17日,20,2.0,com.TinyPlay.QuoteColouringBookNew,,tinyplay98@gmail.com
371,Pirate Code - PVP Battles at Sea,Codex7 Games,动作,4.4,18,"500,000",2018年12月11日,27,1.0.0,com.happyfish.piratecode,http://www.codex7.cn,support@codex7.cn
372,Visual novel games English: Love Gossip,"Ciagram CO., LTD.",模拟,4.4,93,"5,000",2018年12月3日,82,1.0.0,jp.co.ciagram.otome.games.lovegossipforeign,https://www.renaigame.xyz/,support+googleplay_lovegossipforeign@appli-contact.mobi
373,New Exploration: Big Craft,taniagludhkoo2,模拟,4.1,129,"10,000",2018年11月23日,14,1.1,com.bigexplore.generation,,taniagludhkoo231@gmail.com
374,Scenario Game:would you rather,Badger Digital,知识问答,4.8,16,100,2018年11月29日,12,1.0,com.badgerdigital.the.scenario.game,https://scenario-game.com,info@badger-digital.com
375,? Girls Fashion Dress Up,Daven Lab,模拟,3.9,16,"1,000",2018年12月4日,7.1,1.0.4,com.DavenLab.StarLightGlimmerDressUp,,contact.davenlab@gmail.com
376,The legend of Z emulator,Julius Games,冒险,3.6,42,"1,000",2018年11月14日,4.0,1.3.0,com.amego.nesemulatortitaniumgames_zelda,,juliusgames20@gmail.com
377,Body Temperature Converter,Cake Button Fantasy,模拟,4.3,144,"10,000",2018年11月16日,3.9,1.0,com.cakebuttonfantasy.bodytemperature,,cakebuttonfantasy@gmail.com
378,Xmas Santa Sleigh Rush Gift Delivery,Stylish Works,冒险,4.4,18,"1,000",2018年12月4日,46,1.1,com.stylish.works.xmas.santa.sleigh.gift.delivery,,stylishworks786@gmail.com
379,鬼城之谜 隐藏的对象游戏,Webelinx Hidden Object Games,冒险,4.5,35,"1,000",2018年12月7日,37,2.5,com.webelinx.GhostCityAdventureHiddenObjectGame.SearchAndFindGames,https://www.webelinx.com/,midvaapps@gmail.com
380,BigCraft: Build Modern City,bigogya,冒险,4.1,101,"5,000",2018年11月20日,33,3.1,com.modern.city.big.craft.bigcraft.crafting.games,,ogyaantv@gmail.com
381,Alpha Squad 5: RPG & PvP Online Battle Arena,Kongregate,角色扮演,4.1,"1,417","10,000",2018年12月6日,100,1.5.51,com.kongregate.mobile.cobra.google,http://www.kongregate.com,help@alphasquad5.zendesk.com
382,Sans Undertale Piano Game,Superior Mobile Games,音乐,3.7,66,"1,000",2018年11月16日,34,1.0,com.pianogame.tap.sansundertalepianotiles,,zawettiox@gmail.com
383,Harpoon FRVR - 矛钓鱼狂野,FRVR,街机,4.2,8,"1,000",2018年11月29日,因设备而异,1.2.1,com.frvr.harpoon,https://frvr.com,info@frvr.com
384,Banana Rush,Essabidoo,动作,3.6,69,"5,000",2018年11月14日,20,1.0,lol.banana.adventures,,jakedeve90@gmail.com
385,Best Escape Game 527 Doe Escape Game,Best Escape Game,益智,4.8,90,"1,000",2018年12月10日,14,1.0.0,air.com.bestescapegame.BestEscapeGame527DoeEscapeGame,http://www.games4king.com/,games4kinginfo@gmail.com
386,Jungle Monkey - Jungle World,KtGames,冒险,4.5,105,"10,000",2018年11月25日,42,1.0.0,com.xingangs.jungle.monkey,,xingangs1990@126.com
387,Games ??,Hiepvieri,模拟,2.6,14,"1,000",2018年11月30日,5.3,2.0,com.drssethis.Gamegh,,lamtaerpihiep@gmail.com
388,Kavi Escape Game 498 Paradise Angel Escape Game,Kavi Games,益智,4.8,91,"1,000",2018年12月9日,14,1.0.0,air.com.kavigames.KaviEscapeGame498ParadiseAngelEscapeGame,http://kavigames.com,kavigames2016@gmail.com
389,纸牌：克朗代克大厅,mobirix,卡牌,4.7,241,"10,000",2018年12月10日,40,1.3.0,com.mobirix.classicsolitaire,https://www.facebook.com/mobirixplayen,help@mobirix.com
390,Best Escape Games 117 Find My Toy Game,Best Escape Games,益智,4.8,108,"1,000",2018年12月7日,13,1.0.0,air.com.bestescapegames.BestEscapeGames117FindMyToyGame,http://www.kingescapegames.com,bestescapegames@gmail.com
391,泡泡射手,jinjin mahjong solitaire games,休闲,4.6,123,"5,000",2018年12月5日,38,1.0.0,bubble.shooter.squirrel.pop,,jinzhongliang8866@gmail.com
392,Legend Guardians - 幼鹘巧扮演[ Action Fighting RPG,Unimob,角色扮演,4.6,832,"50,000",2018年12月8日,因设备而异,1.0.2.3,com.unimob.legend.guardians,,support@unimobgame.com
393,Legend of Legion,"Shenzhen Leyi Network Co., Ltd.",策略,3.6,9,100,2018年11月30日,27,1.0.0,leyi.legendoflegion,https://www.facebook.com/LegendofLegion.Game,leyirobin@gmail.com
394,Power Derby,INKENT,赌场,4.2,145,"10,000",2018年12月7日,69,1.0.97.17.209,co.kr.InkEnt.PowerDerby2,https://www.facebook.com/powerderby/,support@inkent.co.kr
395,Weyrwood,Choice of Games LLC,角色扮演,4.2,75,"1,000",2018年11月29日,4.9,1.0.1,com.choiceofgames.weyrwood,https://www.choiceofgames.com/,support-weyrwood-gps@choiceofgames.com
396,Adventure of The Mega Rockmon,Penguin Gundum brothers.,角色扮演,4.4,37,"1,000",2018年11月22日,46,3.297,com.hero_robot.rock_man_mega_soft,,penguin_brothers_gundam@aol.com
397,Don-Ay: Pet Rescue,Affinity Project,模拟,4.9,43,500,2018年12月7日,58,1.39,com.AffinityPrj.DonAy,http://www.affinityprj.com,affinitydev@affinityprj.com
398,Helix Run,Skylark Games Studio,街机,4.5,65,"10,000",2018年12月11日,19,1.7.0,com.helixrun.helix,,your.your.sky@gmail.com
399,Trendy Stylist - Fashion Game ??,Polka Dot Studio,角色扮演,4.4,"1,292","100,000",2018年11月29日,31,2.24.2,net.polkadotstudio.fashionstylist,https://www.polkadotstudio.net,support@polkadotstudio.net
400,Donkey of Kong (emulador),Galax Studio,冒险,3.5,17,"1,000",2018年11月25日,3.9,1.3.0,com.amego.nesemulatortitaniumgames_donkeykong,,sebaa.gnzlz@gmail.com
401,3723/5000 血敌：生存射击游戏,Phoenix Games Team,动作,4.2,"3,428","100,000",2018年12月7日,63,1.8,com.blood.rivals.survival.action.free.shooting.fps.battleground.gun.war.game,,phoenixteam410@gmail.com
402,Lol Eggs Surpirse,SetDev9Games,街机,3.9,15,"1,000",2018年11月26日,42,1.0,com.lalasurprise.eggssurprisetm,,maduap@mail.ru
403,保姆：Hamky (}鼠),RootJade,模拟,4.5,18,"5,000",2018年11月30日,43,1.02,com.RootJade.BabyCare_Hamky,,devkkj@gmail.com
404,Pocket adventure：Pixel Era,Effie Patry,角色扮演,3.9,57,"10,000",2018年11月23日,33,1.0.0,com.gurinmento.koudai.and.en,,gurinmento@gmail.com
405,Spark City,Walmart,模拟,4.3,6,"1,000",2018年11月15日,34,0.3.17,com.walmart.sparkCity,https://www.walmart.com,googmobile@wal-mart.com
406,7Days! - 轻小说文字冒险游戏,"Buff Studio Co.,Ltd.",冒险,4.2,44,"1,000",2018年11月29日,84,1.0,com.buffstudio.sevendays_free,http://www.buffstudio.com,help@buffstudio.com
407,Master Sling Car - Drift Game,Jet Manning,街机,4.2,42,"10,000",2018年11月30日,38,1.2,com.launchgame.driftcar.sport,,jetmanning125@gmail.com
408,GnGeo - Neogeo Arcade Emulator,Xiat Emu Corp,街机,2.8,13,"1,000",2018年11月30日,3.1,1.0.6,com.neopop.neogeo.poco,,XiatCorp@hotmail.com
409,FireBall 3D : Christmas Special,xR Interactive,街机,4.7,29,"1,000",2018年12月7日,19,1.9,fire.ball.game,,shoonyagames@gmail.com
410,Pambi Planet,Dalas Galaxy,街机,4.7,"1,041","10,000",2018年12月12日,25,1,com.DalasGalaxy.PambiPlanet,,DalasGalaxyApps@gmail.com
411,Mega NES - Games Emulator,MegaNes Team,模拟,3.7,27,"1,000",2018年11月21日,4.1,1.0,com.meganes.fcgames.emu,,meganesemu@ezingroup.co
412,Color Tap,Halfbrick Studios,动作,3.7,15,"1,000",2018年12月3日,49,0.0.7,com.halfbrick.colourtap,http://www.halfbrick.com,halfbrick.aus@gmail.com
413,Left 4 Dead 2D,Edouard Murat,动作,4.0,38,"1,000",2018年12月10日,18,1.8,com.edouardmurat.left4dead2d,,edouardmurat1@gmail.com
414,Undisputed Champ,Frank & Jordan,体育,4.4,20,"1,000",2018年12月2日,21,1.0.0,com.stencyl.undisputed,http://fjgames.co/undisputed-champ/,support@fjgames.co
415,Last Hero - 战火硝烟,Leopard Games Studio,街机,4.3,65,"5,000",2018年12月11日,17,1.0.3,leopard.games.last.hero,,leopard.games.studio@gmail.com
416,Dollhouse Decorating: 匹配 3 和女生的设计游戏,Fat Lion Games: Crafting & Building Adventure,冒险,4.5,156,"10,000",2018年12月5日,69,1.165,games.fatlion.dollhouse.match.three.candy.home.design.king,https://fatlion.games/,admin@fatlion.games
417,Hello Dog of Scary Neighbor Strange House,Marshmelo,模拟,3.2,19,"1,000",2018年11月30日,58,3.1,com.tubominoposetete.fsaletlagdra,,support@labsdevscompact.com
418,魔术拼图?：适合孩子的童话游戏,GoKids!,教育,4.7,19,"10,000",2018年11月15日,45,0.1.6,com.gokids.magicpuzzle,https://www.facebook.com/GoKidsMobile,info@gokidsmobile.com
419,Will I get a gift from Santa,Nova Games 2 Play,休闲,4.7,9,500,2018年11月26日,8.9,1.0.1,com.santa.giftfromsanta,,novagames2play@gmail.com
420,Age of Civilizations II - Lite,?ukasz Jakowski,策略,4.4,132,"1,000",2018年12月11日,78,1.01415_ELA_LITE,age.of.civilizations2.jakowski.lukasz.lite,https://store.steampowered.com/app/603850/Age_of_Civilizations_II/,jakowskidev@gmail.com
421,DS Emulator Nintendo 2ds 3ds Games,Coloid,街机,2.0,63,"1,000",2018年11月12日,11,1.42,com.yuliadrt.ds.emulator.nintendo.ds.ds.games,,yuliadrt@gmail.com
422,Cooking with Nasreen,The Game Storm Studios,街机,4.6,"4,151","100,000",2018年12月12日,83,1.5,com.gss.cooking.with.nasreen,http://www.thegamestormstudios.com,support@thegamestormstudios.com
423,Totally T.A.B.S Accurate Battle Simulator.,King of Games studio,模拟,3.1,10,500,2018年12月5日,23,1.1,com.KG.fm,,kingofgame.std.dev@gmail.com
424,Sky Balls 3D,onepunchapp,休闲,4.9,30,100,2018年12月1日,30,1.2,com.onepunchapp.skyballs,,jorostoyanow@gmail.com
425,Animated Christmas Coloring Book,Baderat Puzzle Games,桌面和棋类,5.0,4,"5,000",2018年12月7日,35,1.1,com.baderat.coloringbook.christmas2018,http://hartwellcorp.net,contact@hartwellcorp.net
426,Project Charon: Space Fighter,Home Net Games,动作,4.4,253,"10,000",2018年11月18日,53,2.0,com.HomeNetGames.ProjectCharon,https://homenetgames.com,support@homenetgames.com
427,Find The Differences - Detective 3,10P STUDIO,益智,4.5,72,"5,000",2018年12月11日,95,1.3.6,com.puzzles.game.fd.three,,murd@boooea.com
428,复仇之心,第九行星网络科技有限公司,街机,4.6,72,500,2018年12月10日,27,1.26,com.djxx.dr2,http://www.djxxgame.com/,liuke@djxxgame.com
429,iAssociate 3,Animoca Brands,文字,4.4,276,"5,000",2018年12月3日,38,1.0.4,com.animocabrands.google.iassociate3,http://www.animocabrands.com,support@animocabrands.com
430,Block Master,Do Global Games,街机,4.0,4,500,2018年12月3日,因设备而异,因设备而异,com.global.blockmaster,,lichen@do-global.com
431,Cute & Tiny Space - Kids Explore Stars & Planets,Cute & Tiny Baby Games,教育,4.0,4,"1,000",2018年12月11日,30,1.0.24,com.cuteandtinybabygames.cutetinyspace.free,http://www.zaidimustudija.lt,info@zaidimustudija.lt
432,Spill Cola,Skylark Games Studio,益智,3.9,75,"10,000",2018年12月7日,24,1.5.0,com.spillcola.spillit,,your.your.sky@gmail.com
433,Calling of Angels,WangYiDeGame,角色扮演,4.4,308,"5,000",2018年12月7日,32,9.0,com.calling.angel,,wangyi666haha@gmail.com
434,MiniCraft: 3D Adventure Crafting Games,Suhery Kering,冒险,4.1,28,"1,000",2018年12月4日,30,6.6.0,com.jmblo.mini.craft.minicraft.big.castle,,erybongsu@gmail.com
435,Slime Time 3D!,Family Games Time,休闲,3.1,19,"1,000",2018年11月29日,53,1.3.1,com.Slime.SlimeTime3D,,familygamestime@gmail.com
436,Scary Granny Doll - The Horror Game,ClawsDev,街机,4.3,18,"1,000",2018年11月23日,59,0.2,com.Dev,,claussss14@yahoo.com
437,Super Snoupy: Christmas Pop 2018,ABE Games,冒险,4.6,58,"1,000",2018年11月17日,19,1.3,com.snoupy.gameofbubbles,,dahimelg95@gmail.com
438,Fire boy and Water girl : Ice Temple,Victorious G.Co,益智,3.2,9,500,2018年12月6日,16,1.0.1,com.full.bsmemorygame,,LiJunHei88@gmail.com
439,为孩子们着色奔十,Pomidoro Games,休闲,4.3,16,"5,000",2018年11月26日,6.9,0.10,com.pomigames.benocol,,andreykutimov34234@gmail.com
440,Live Chat With Annabelle doll - Prank,Tmchirou,模拟,4.0,22,"1,000",2018年11月15日,2.3,1.0,comchat.with.annabelledoll,,davewapp@mail.ru
441,无,无,无,无,无,无,无,无,无,com.senjia.adventureworld,无,无
442,Epic Snails,Screenzilla,动作,3.4,26,"1,000",2018年12月7日,73,1.4.1,com.rocketsnail.epicsnails,http://screenzilla.com,hello@screenzilla.com
443,Text Twister 2018 Light,App Marketing Center,文字,3.0,2,500,2018年11月27日,2.2,1.0,com.twisterforfreelighter,http://www.appmarketingcenter.com,contact@appmarketingcenter.com
444,Sniper Man,Blockot Games,动作,3.9,18,"1,000",2018年12月11日,49,1.1.3,com.blockot.sniperman.sniperhero.shootinggame,,turbo.gamerz2018@gmail.com
445,super sonic rush subway,devdark,街机,4.6,9,"1,000",2018年11月26日,31,1.0,com.Subway.SuperSonicRushSubway,,badreddine.del@gmail.com
446,"Kitty Powers' Speed Date",Magic Notion Ltd.,街机,4.1,36,"1,000",2018年11月29日,60,1.1,com.magicnotion.speeddate,http://www.magicnotion.com,info@magicnotion.com
447,Bubble Friends Bubble Shooter Pop,Narcade,益智,4.9,147,"5,000",2018年11月17日,50,1.0.1,com.nar.bubblefriends,,gokceictas@gmail.com
448,Cartoon Crush,Bubble Shooter Artworks,冒险,4.7,202,"10,000",2018年11月15日,因设备而异,1.1.3,blast.cartoon,http://www.ilyon.net,support@ilyon.net
449,美容院：公主,Games from YovoGames !,休闲,5.0,2,"1,000",2018年12月11日,49,1.0.4,com.YovoGames.beautySalon2,http://yovogames.com,yovokids@gmail.com
450,"Hidden Object: Santa's Christmas Village",Ralp Games,休闲,3.8,4,500,2018年12月6日,87,1.0,com.ralpgames.santavillage,,Ralpgames@flashgamelicense.com
451,Ralph Craft City Run,Toshiba09082018,街机,4.4,7,"1,000",2018年11月17日,24,1.1,com.inter.run.ralph.craft,,Tushiba09082018@gmail.com
452,The Red Town,KalidanDev,动作,2.0,23,"1,000",2018年11月12日,3.0,9.0,pest.redtt.tom.post,,toncleondukinze@gmail.com
453,Humbug,Dunderbit,益智,4.7,136,"5,000",2018年12月8日,30,1.2.0,com.dunderbit.humbug,https://www.dunderbit.com,contact@dunderbit.com
454,Luxury Limousine Transporter Truck,Trendish,模拟,4.5,2,"1,000",2018年12月8日,62,1.0,com.luxury.limo.transport.truck,,Ahmadniazi1234t@gmail.com
455,Color by Number 3D - Pixel Art Coloring Games,Pinso Marketing Limited,益智,3.9,58,"10,000",2018年11月22日,31,1.1,com.pixel.art.color.number,,picfunapps@gmail.com
456,Donuts Inc.,Lifebelt Games Pte. Ltd.,模拟,4.7,6,100,2018年12月7日,55,1.0,com.LifebeltGames.DonutsInc,http://www.lifebeltgames.com,contact@lifebeltgames.com
457,无,无,无,无,无,无,无,无,无,www.nsps.boxybounce,无,无
458,Tofu,Jun Saotome,益智,5.0,1,500,2018年11月15日,42,1.0.1,jp.junsaotome.Tofu,http://ameblo.jp/js-blog2015/,saotome.jun.2015@gmail.com
459,Fun Craft : Story Mode,Zolla Crafting Inc,模拟,3.2,14,"1,000",2018年11月15日,28,1.0,com.pamela.fun_craft.funny_mcpe.build.exploration,,luisnaza55@gmail.com
460,Zombie Survival : Squad Attack,Good Day and Night Studio,策略,4.4,40,"5,000",2018年12月4日,96,1.0.7,com.zombiesurvival.squadattack,,sasaway.appvenger@gmail.com
461,Tips Of Metal Slug 3,Done Sky CO,文字,4.2,223,"5,000",2018年12月10日,3.6,1.28,com.actlikeit.metalgame,,getinfo@doneskyco.au
462,Word Buddies - Classic Word Game,Clipwire Games and Bingo,文字,4.5,78,"10,000",2018年11月30日,因设备而异,1.0.13,com.clipwiregames.wordbuddies,http://www.clipwiregames.com,support@clipwiregames.com
463,Heroes of Ninja: Global Version,Goninjagame,冒险,4.6,74,"1,000",2018年11月16日,81,1.0.1,com.nh10663344.en,,cs.ninjaheroes@yahoo.com
464,Word Kitchener,Monica Game Studio,益智,2.7,15,"1,000",2018年12月10日,32,1.1,com.nemo.wordchef,,yangyongjian2018@gmail.com
465,Kavi Escape Game 496 Vandal Escape Game,Kavi Games,益智,4.9,114,"1,000",2018年12月7日,13,1.0.0,air.com.kavigames.KaviEscapeGame496VandalEscapeGame,http://kavigames.com,kavigames2016@gmail.com
466,Line Art : Linepuzzle,Pallas Entertainment,益智,3.3,81,"10,000",2018年12月4日,48,1.0.2,com.pallas.linepuzzle,,quynhpallas@hotmail.com
467,WWE Mayhem Universe Champions,Chocolate Entertainment,动作,3.9,17,"1,000",2018年11月27日,40,1.2,wwe.wrestling.mayhem.revolution.champions,,choconocos@gmail.com
468,野生 西方 神枪 牛仔 骑士,5 Years Ago,动作,4.4,16,"1,000",2018年12月4日,16,1.0,com.fya.wildgang.gunshooter.gunfighter,,5year.feedback@gmail.com
469,Go To Town 5,Biceps,竞速,4.7,43,"5,000",2018年12月11日,66,1.3,com.biceps.gtt5,,BicepsApps@gmail.com
470,Hidden Objects - Mystery Case Files: Broken Hour,Big Fish Games,休闲,2.8,445,"5,000",2018年11月20日,19,1.0,com.bigfishgames.mcfbrokenhourgoog,http://www.bigfishgames.com,info@bigfishgames.com
471,XXXTentacion Piano Tiles,Superior Mobile Games,音乐,4.0,8,500,2018年11月12日,27,1.0,music.songs.black.white.tiles.piano.magic,,zawettiox@gmail.com
472,kof 2004 fighter arcade,Divescaps,动作,3.9,183,"10,000",2018年11月17日,78,1.1.0,com.ecadi.emukof.hel,,fok04@yahoo.com
473,DIY Gingerbread House Cake Maker! Cooking Game,The Fat Unicorn,休闲,5.0,3,500,2018年11月16日,47,1.2,com.fatunicorngames.gingerbread,,thefatunicorngames@gmail.com
474,ZSNES - SNES Emulator for Android,ZSNES co.ltd,街机,2.7,24,"1,000",2018年11月21日,53,1.0.0,com.zsnes.snesemulator.android,,zsnes2018@bestemu.co
475,Bubble Pop,blast and match casual game,益智,4.6,59,"1,000",2018年11月20日,32,1.0003,bubble.shooter.pop.blast,,blastandmatchcasualgame@gmail.com
476,生存本能：全面吃鸡,Winder Studio,动作,3.9,96,"1,000",2018年11月25日,55,11.25,com.crafthuts.survivalcounterbattleroyale,,trifingger@gmail.com
477,汽修理工仿真器19,Western Redemption Inc.,模拟,3.6,17,"1,000",2018年11月20日,39,1.0,com.western.carrepair.car.mechanic.simulator19,,westernredemption16@gmail.com
478,Mr. Gravitation Flying Superhero 3D,Top Action Studio,动作,4.0,40,"5,000",2018年11月16日,47,1.0.1,com.tas.gravitation.flying.hero,,topactionstudio@gmail.com
479,You Choose! Interactive Romance Story Game,"Modak Studios, Inc.",模拟,3.4,8,500,2018年12月3日,96,1.18,com.modak.boyband,http://www.modakstudios.com,modak.studios@gmail.com
480,Christmas Word Search Puzzle Game,99 Game Studio,文字,3.0,2,100,2018年11月22日,12,1.0.2,com.nngamestudio.christmas.word.search.puzzle.game,,99gamestudio2111@gmail.com
481,Grand Loco Craft: Survival Edition,3D Crafting Future Studios,教育,4.7,39,"1,000",2018年12月6日,28,7.1,mobi.minicraft.three.mini.craft.building.games,,ijokiyoet89@gmail.com
482,Frog Game Amazing Action,BP Star,冒险,4.2,5,500,2018年12月5日,36,1.0,com.bpgames.froggameamazingaction,,richardbhutani@gmail.com
483,Merge 13! Number Block Puzzle,IEC Corp,桌面和棋类,5.0,2,100,2018年12月5日,因设备而异,1.0,com.IEC.thirteen,,support@ieccorp.vn
484,Family Guy Quahog Monster Attack,WanKipas,动作,4.0,8,"1,000",2018年11月23日,35,1.0.3.2,com.quahoqmonsterattack,,wankipas09@gmail.com
485,Pancake Milkshake?,Elias Disney,休闲,4.8,6,500,2018年12月6日,34,1.1,com.phoenix.pancakemilkshake,,TriaKathlyn1995@gmail.com
486,MegaGBC (GBC Emulator),NIKIDO Games,街机,4.1,10,"1,000",2018年11月22日,4.1,1,com.nikidogames.megagbc,,nikidogames@gmail.com
487,Mouse Evolution - Create Mutant Rats,Tapps Games,休闲,4.9,25,"1,000",2018年11月13日,47,1.0,br.com.tapps.mouseevolution,http://tappsgames.com,user.support+mouseevolution@tappsgames.com
488,Best Escape Game 524 Stag Escape Game,Best Escape Game,益智,4.9,122,"1,000",2018年12月5日,13,1.0.0,air.com.bestescapegame.BestEscapeGame524StagEscapeGame,http://www.games4king.com/,games4kinginfo@gmail.com
489,The Flippy Floors!- guide your ball to the exit,Sofiamoz Dev,冒险,2.3,3,100,2018年12月8日,11,1.0,flippyfloors.flippyfloorsandroid.flippyfloorsios,,solfarilyamz@gmail.com
490,Saiyan: Tap Battle of Gods,Rubick Game Ent,动作,4.6,228,"1,000",2018年11月13日,35,101,com.saiyantap.superbattleofgod,,rubbickgame2018@hotmail.com
491,"Christmas Candy - Santa Claus's Matching Adventure",HappyGamer Match 3 Games,休闲,4.9,22,"1,000",2018年11月20日,22,1.0.0,com.lewanski.christmascandy.santaclausmatchingadventure,,truongdanghienvinh84@gmail.com
492,Super Bandi World Adventure,Athanasios Delidimitrakis,冒险,2.9,15,"1,000",2018年11月12日,40,1.0,com.superbandi.adventure,,tg704503@gmail.com
493,Block Craft 3D :Builder city simulator 2019,Kolorian,知识问答,3.8,81,"1,000",2018年11月25日,15,1.0,com.kalorian.world.craft,,waktukecil57@gmail.com
494,2048 game - Block blast - Shot n Merge 2048,Space shooting game,益智,4.6,63,"50,000",2018年12月5日,30,2.4,com.block.blast.shot.merge2048,,numtleopaat@gmail.com
495,无,无,无,无,无,无,无,无,无,com.gc.stickman.street.fight.game,无,无
496,Crush the Castle: Siege Master,Armor Games,益智,4.6,150,"5,000",2018年12月5日,98,1.1.6,com.armorgames.ctcsm,https://armorgamesstudios.com/games/crush-the-castle-siege-master/,Contact@ArmorGames.com
497,着色小马,JZ Color Apps,休闲,4.0,40,"5,000",2018年12月4日,7.7,1.04,com.jzcolapp.litcolop,,jonnie9721wet@gmail.com
498,Super Broly: Ultra tournament Battle,new free games,动作,3.6,16,"1,000",2018年12月1日,27,1.8,dbssss.brolyy.game,,manuel78joaquin@gmail.com
499,恐龙纪元,37GAMES,策略,3.6,62,500,2018年12月7日,21,1.2.1,com.games37.jc,http://en.37.com/,help@37.com
500,Stickman & Rope,KravaSergDev,街机,3.2,242,"5,000",2018年11月16日,36,1.0.9,com.stickman.hookgame,,novikovaoliaolia@gmail.com
501,Super Fowlst,Thomas K Young,街机,4.6,10,100,2018年12月10日,24,1.17.0,com.thomasyoung.superfowlst,http://www.superfowlst.com,catcup.games@gmail.com
502,我的专属男友 - 男孩打扮,Best Dress Up Games For Girls,休闲,4.4,23,"1,000",2018年12月6日,75,1.0,com.bestdressupgames.boyfriend,,topdressupgames@gmail.com
503,Terminator: Survival,Mogol Games,策略,3.7,38,"1,000",2018年12月4日,81,1.0.3,com.mogol.terminatorsurvival,http://mogolgames.com,mogol@mogolgames.com
504,No.Paint - Coloring Games,incolor,休闲,4.9,20,"1,000",2018年12月11日,31,1.0.1,com.inapp.no.paint.color.by.number.coloring,http://www.incolor.cc,incolor.feedback@hotmail.com
505,公主 - 著色和[,Orange Studios Games,教育,4.8,36,"10,000",2018年12月10日,41,1.5,com.orange.gamesforkids.coloring.princess,http://www.orangestudios.wirez.com.ar,orangegstudios@gmail.com
506,Cat Evo C Adopt Cat Simulator Virtual Pet Kitten,ChiliGames,模拟,4.5,33,"1,000",2018年11月25日,47,1.0.3,com.chiligames.evocatsvirtualpets,,chiligamesmobile@gmail.com
507,Undertale Piano,Dev-BeastApp,音乐,3.9,18,500,2018年11月27日,27,0.1,com.pianotiles.undertale,,beastapp.el@gmail.com
508,TriPeaks Solitaire,jinjin mahjong solitaire games,休闲,4.8,112,"1,000",2018年12月4日,44,1.0.1,tripeaks.solitaire.farm.free,,jinzhongliang8866@gmail.com
509,Baby Barber - Fruits Vs Veggies,Kinsane Entertainment Inc.,教育,5.0,2,500,2018年11月30日,39,3.2,com.kintoons.hairsalon.fvv,http://www.kinsane.com,games@kinsane.com
510,Swipe Blast Shooter,MegaMO,街机,4.6,5,100,2018年11月30日,34,1.0.2,com.megamo.swipeblastshooter,,dragonbridge.dn@gmail.com
511,Knuckles Adventure Sonic World,Games Made For Fun,冒险,3.8,20,"1,000",2018年11月14日,52,1,com.platformergames.sonicknuckles,,Blackhunterdev@gmail.com
512,Star Striker,Flip Man Studio,街机,3.3,3,100,2018年12月7日,38,3.02,com.ppshell.master5,,jiaoninlin6@gmail.com
513,Crazy Tap Zero 2018,Flappy blue Dev,街机,3.4,63,"5,000",2018年11月17日,31,1.0,com.gamegVD.geometrytap,,vodoogamemini@gmail.com
514,Steel And Flesh Old,VirtualStudio,策略,4.6,450,"10,000",2018年11月15日,29,1.9,com.VS.SteelAndFleshOld,https://www.facebook.com/VirtualStudio2016/?notify_field=phone&modal=composer,virtualstudio2016@gmail.com
515,Trainer Canyon,Maragedygaming,角色扮演,4.4,156,"50,000",2018年11月21日,9.4,1.0,com.nkesc.dst.cu,,Maragedygaming@gmail.com
516,Ukulele Extreme: Tabs & Chords,SENSOR NOTES,音乐,4.8,39,"1,000",2018年12月3日,45,1.6,uke.guitar.ukulele.tabs.tenor,http://sensornotes.com,guitartabsapps@gmail.com
517,Dolls Surprise Coloring Book,divertapp,教育,3.2,18,"1,000",2018年11月23日,5.3,1.3,com.appcoloring.surprise,,divertapp@gmail.com
518,Dwarfs Adventure Jump Jump,FoxlyJourney Team,冒险,4.7,35,"10,000",2018年12月7日,24,1.1,com.supermario.dwarfadventure,,foxlyjourneystud10@gmail.com
519,Gaper Day C Ski Crash Arcade,Beat Farm,街机,5.0,10,100,2018年12月5日,23,1.0,com.beatfarm.gaperday,http://beatfarm.com/gaperday,info@beatfarm.com
520,Paw Ryder Dash,DIANA Marici,动作,5.0,4,"1,000",2018年11月15日,因设备而异,因设备而异,com.awesop.ryderun3desp,,janganpanik82@gmail.com
521,Blood Pressure Log,Betterton Thereto,模拟,4.1,458,"10,000",2018年11月28日,4.0,1.1,com.bettertonthereto.bloodpressurelog,,bettertonthereto@gmail.com
522,Car In Traffic 2018,AxesInMotion Racing,竞速,4.5,213,"10,000",2018年11月15日,69,1.3.0,com.aim.traffic.racing,http://www.axesinmotion.com,support@axesinmotion.com
523,无,无,无,无,无,无,无,无,无,com.sevdiemustafa.heromasksnew,无,无
524,Ragdoll Sandbox Game - Mutilate A physics Ragdoll,CQ Lativic,模拟,2.0,12,500,2018年11月28日,8.1,1.0,com.maddmutilategame.ragdollphysics,,lolitavicprog@gmail.com
525,蜘蛛侠狂热篮球明星：最佳游戏,GamesStudio92,体育,5.0,3,"1,000",2018年11月22日,26,1.0.1,com.GamesStudio92.SpidermanFanaticalBasketballStar,,GamesStudio92@gmail.com
526,Flower Match 3,casual fun games,休闲,4.7,86,"1,000",2018年11月20日,35,1.0002,match.three.flowers.cfg,,casualfungames1@gmail.com
527,Polygon Puzzle,Monica Game Studio,益智,4.3,6,"1,000",2018年12月4日,40,1.3,com.nemo.polygonpuzzle,,yangyongjian2018@gmail.com
528,The First Day Of Life,Rousbud Studios,动作,4.2,22,100,2018年12月3日,35,1.2.2,com.RousbudStudiois.thefirstdayoflife,,RousbudStudios@gmail.com
529,Merge Presents,James Williamson,休闲,4.2,9,"1,000",2018年12月8日,20,1.2,com.jrwgamesandapps.mergepresents,http://jrwgamesandapps.wixsite.com/mergepresents,jrwgamesandapps@gmail.com
530,Nun Evil Sister,ElLina,冒险,3.9,82,"1,000",2018年11月22日,86,1.0,com.nunhorror.evilsister,,elakravec3@gmail.com
531,新年游戏,Games from YovoGames !,休闲,3.2,4,"1,000",2018年12月10日,20,1.0.2,com.YovoGames.newYearGames,http://yovogames.com,yovokids@gmail.com
532,563 Games in 1 C The Best Games Ever,MCON,街机,4.5,43,"1,000",2018年12月9日,5.0,1.1.8,com.mcon.games563in1,,dmchale@mchaleconsulting.net
533,假装玩家修：娃娃屋清洁,Fun Bytes Studio,休闲,3.8,18,"1,000",2018年11月15日,30,1.0,com.funbytesstudio.pretend.home.repair,,funbytesstudio@gmail.com
534,OOF! ROBLOX Fun Game Racing Rolox Speed Climb,Generator Lcv.,竞速,4.3,6,500,2018年12月6日,39,2.34.2,com.oof.rolox.fun.game.roblox.com,,lopes1121@outlook.com
535,赛道漂移,WUBINGStudio,动作,4.6,157,"10,000",2018年12月7日,24,1.1.3,com.speedwaydriftinggame,,WUBINGStudio963@gmail.com
536,Ludo Superstar,Tencent Games,桌面和棋类,4.3,208,"10,000",2018年12月8日,26,1.1.5.4076,com.tencent.ludosuperstar,http://ludosuperstar.com/m/d/index.html,hpludosuperstar@gmail.com
537,极速狂追,XZoom,模拟,4.0,144,"10,000",2018年12月6日,90,1.1.1,com.highwayspeedchasing,,0nno8yQqs3r46T05069@gmail.com
538,Monster pop―pop game,Tonya Northrup,益智,5.0,"1,118",500,2018年12月7日,1.9,2.0,com.MonstersAndCake.testgoogle,,maychrysinser716@gmail.com
539,Pepa and Pig Jigsaw Puzzle Game,chatappsabd,益智,5.0,1,"1,000",2018年11月21日,38,1.0,com.puzzlevaleryabdammarpeppapig1.baaabdaaa,,Louna662002@hotmail.com
540,One Link Puzzle,IsCool Entertainment,益智,4.8,97,"10,000",2018年12月5日,69,0.3.5,com.iscoolentertainment.onelink,http://www.iscoolentertainment.com,google-playstore@iscool-e.com